Aroma,Flavor,Aftertaste,Acidity,Body,Balance,Uniformity,Clean.Cup,Sweetness,Cupper.Points,Total.Cup.Points,Moisture
8.67,8.83,8.67,8.75,8.5,8.42,10,10,10,8.75,90.58,0.12
8.75,8.67,8.5,8.58,8.42,8.42,10,10,10,8.58,89.92,0.12
8.42,8.5,8.42,8.42,8.33,8.42,10,10,10,9.25,89.75,0
8.17,8.58,8.42,8.42,8.5,8.25,10,10,10,8.67,89,0.11
8.25,8.5,8.25,8.5,8.42,8.33,10,10,10,8.58,88.83,0.12
8.58,8.42,8.42,8.5,8.25,8.33,10,10,10,8.33,88.83,0.11
8.42,8.5,8.33,8.5,8.25,8.25,10,10,10,8.5,88.75,0.11
8.25,8.33,8.5,8.42,8.33,8.5,10,10,9.33,9,88.67,0.03
8.67,8.67,8.58,8.42,8.33,8.42,9.33,10,9.33,8.67,88.42,0.03
8.08,8.58,8.5,8.5,7.67,8.42,10,10,10,8.5,88.25,0.1
8.17,8.67,8.25,8.5,7.75,8.17,10,10,10,8.58,88.08,0.1
8.25,8.42,8.17,8.33,8.08,8.17,10,10,10,8.5,87.92,0
8.08,8.67,8.33,8.42,8,8.08,10,10,10,8.33,87.92,0
8.33,8.42,8.08,8.25,8.25,8,10,10,10,8.58,87.92,0
8.25,8.33,8.5,8.25,8.58,8.75,9.33,10,9.33,8.5,87.83,0.05
8,8.5,8.58,8.17,8.17,8,10,10,10,8.17,87.58,0
8.33,8.25,7.83,7.75,8.5,8.42,10,10,10,8.33,87.42,0.03
8.17,8.33,8.25,8.33,8.42,8.33,9.33,10,9.33,8.83,87.33,0.05
8.42,8.25,8.08,8.17,7.92,8,10,10,10,8.42,87.25,0.1
8.17,8.17,8,8.17,8.08,8.33,10,10,10,8.33,87.25,0
8,8.25,8.08,8.5,8.25,8,10,10,10,8.17,87.25,0
8.08,8.25,8,8.17,8,8.33,10,10,10,8.33,87.17,0.11
8.17,8.25,8.17,8,7.83,8.17,10,10,10,8.58,87.17,0.13
8.25,8.33,8.17,8.17,7.83,8.17,10,10,10,8.17,87.08,0
8.42,8.17,7.92,8.17,8.33,8,10,10,10,8.08,87.08,0.11
8.5,8.5,8,8,8,8,10,10,10,7.92,86.92,0.12
7.83,8.25,8.08,8.17,8.17,8.17,10,10,10,8.25,86.92,0.05
8.42,8.17,8.17,8.17,7.83,7.92,10,10,10,8.17,86.83,0.12
8.17,8.08,8.08,8,8.08,8,10,10,10,8.25,86.67,0.1
8,8,8,8.25,8,8.17,10,10,10,8.17,86.58,0
7.92,8.25,8,8.33,8,8.08,10,10,10,8,86.58,0.08
8.42,8.17,8.17,8,7.58,8,10,10,10,8.17,86.5,0.11
8.5,8.17,8,7.75,8,8,10,10,10,8,86.42,0.12
8.17,7.83,8,8.08,7.83,8,10,10,10,8.42,86.33,0
8,8.08,7.92,8,8.08,8.08,10,10,10,8.08,86.25,0.1
8.08,8,8,8.25,7.92,7.92,10,10,10,8.08,86.25,0.12
8.08,8.17,8,7.92,7.92,7.83,10,10,10,8.33,86.25,0
8.25,8.42,8.08,7.75,7.67,7.83,10,10,10,8.25,86.25,0
7.92,7.75,8.08,8.08,8.08,8.17,10,10,10,8.17,86.25,0.1
7.67,8.17,8,8,8.17,8.08,10,10,10,8.08,86.17,0
7.83,8.33,7.83,8.25,7.58,7.92,10,10,10,8.42,86.17,0.1
8.17,7.92,7.92,7.75,8.33,8,10,10,10,8.08,86.17,0.08
8.42,7.92,8,7.75,7.92,8,10,10,10,8.17,86.17,0.01
8.08,8.17,7.75,8.08,7.75,7.83,10,10,10,8.42,86.08,0.12
8.08,8.08,8,8,7.83,8.08,10,10,10,8,86.08,0.11
8.33,8,8,8,7.75,8,10,10,10,8,86.08,0.11
8.08,8.08,7.83,7.92,8.08,7.92,10,10,10,8.08,86,0
7.75,7.92,7.83,8.08,8.08,8.17,10,10,10,8.17,86,0.12
7.92,8.17,7.83,8.5,7.5,7.92,10,10,10,8.17,86,0.11
8.25,8,7.83,8.08,8,7.92,10,10,10,7.92,86,0.1
7.75,8.08,8,8.25,8,8,10,10,10,7.92,86,0.01
8.33,8.17,7.75,8,7.75,7.83,10,10,10,8.17,86,0
7.92,8.08,7.92,8.08,8.08,7.83,10,10,10,8,85.92,0.1
8.17,8.17,7.92,8.08,7.83,7.75,10,10,10,8,85.92,0.12
8,8,8,8.17,7.83,8,10,10,10,7.92,85.92,0
8,8,7.92,8.08,7.83,8,10,10,10,8,85.83,0.08
7.83,8.08,7.92,8.08,8,7.92,10,10,10,8,85.83,0.1
7.83,8,8,8.17,7.83,8,10,10,10,8,85.83,0.12
8,8,7.83,8.33,7.83,7.83,10,10,10,8,85.83,0.1
7.83,8,7.83,8.17,7.92,8,10,10,10,8,85.75,0.09
8,8,8,8.08,7.92,7.75,10,10,10,8,85.75,0.1
8.33,8.42,7.83,8.33,8,8.25,9.33,9.33,10,7.92,85.75,0.12
7.92,8.17,8,7.92,7.75,7.83,10,10,10,8,85.58,0.1
7.83,8,8,7.75,7.92,8.17,10,10,10,7.92,85.58,0.11
7.83,8,7.92,7.75,8.08,8,10,10,10,8,85.58,0
8,7.75,7.83,7.83,7.67,8.58,10,10,10,7.83,85.5,0.09
7.92,7.92,7.83,8.08,7.83,7.92,10,10,10,8,85.5,0.1
7.83,8,7.83,7.92,7.83,8.08,10,10,10,8,85.5,0.12
8.33,7.92,7.67,7.92,7.67,7.92,10,10,10,8.08,85.5,0.12
8,7.83,7.67,8.33,7.83,8,10,10,10,7.83,85.5,0.11
7.75,7.83,7.83,8.17,7.92,7.83,10,10,10,8.08,85.42,0.1
8.08,8,7.83,7.67,8,7.83,10,10,10,8,85.42,0.12
7.92,7.92,7.75,7.92,7.75,7.92,10,10,10,8.25,85.42,0
8,8,8,7.67,7.75,8,10,10,10,8,85.42,0.11
8.08,7.83,7.83,8.08,7.83,7.83,10,10,10,7.92,85.42,0.01
8,8,8,7.83,7.83,7.75,10,10,10,7.92,85.33,0.1
7.83,7.75,7.83,7.67,7.83,8.58,10,10,10,7.83,85.33,0.11
7.92,8.08,8,7.92,8,8.08,10,10,9.33,8,85.33,0
8,7.58,7.58,7.67,8.08,8.5,10,10,10,7.92,85.33,0.1
7.83,8.08,7.75,8.08,7.92,7.75,10,10,10,7.92,85.33,0
8,7.92,7.92,8.08,7.83,7.75,10,10,10,7.83,85.33,0
7.83,7.83,7.92,8.08,7.75,7.83,10,10,10,8.08,85.33,0.05
7.92,7.83,7.75,8.33,7.75,7.75,10,10,10,8,85.33,0.1
8,7.92,7.75,8,7.92,7.83,10,10,10,7.83,85.25,0.1
8.17,7.92,7.83,8,7.58,7.83,10,10,10,7.92,85.25,0.11
7.58,8.08,7.92,7.83,8,7.92,10,10,10,7.92,85.25,0.12
7.75,7.83,7.67,8,8.08,7.83,10,10,10,8,85.17,0.11
8.25,8,7.67,7.92,7.75,7.67,10,10,10,7.92,85.17,0
7.75,8,7.58,8,8,7.92,10,10,10,7.83,85.08,0.11
8.17,7.83,7.58,8.08,8,7.75,10,10,10,7.67,85.08,0
8.42,8,7.42,8,7.92,7.92,9.33,10,10,8.08,85.08,0.1
7.58,7.83,7.83,7.92,7.83,8.17,10,10,10,7.92,85.08,0.11
7.83,8,7.75,7.75,7.83,7.83,10,10,10,8.08,85.08,0.11
8.08,8.17,7.92,8,8.08,8,9.33,9.33,10,8.17,85.08,0.01
7.67,8,7.83,8,7.92,7.83,10,10,10,7.83,85.08,0
7.5,7.92,8.25,7.83,7.92,7.75,10,10,10,7.92,85.08,0
8.17,7.92,7.75,7.75,7.67,7.75,10,10,10,8,85,0.11
8,7.92,7.75,7.92,7.75,7.83,10,10,10,7.83,85,0
7.83,8,7.58,7.92,7.92,7.83,10,10,10,7.92,85,0.12
7.83,8,7.83,7.75,7.67,7.83,10,10,10,8.08,85,0.09
8.17,7.83,7.92,7.75,7.67,7.83,10,10,10,7.83,85,0.11
7.75,7.83,7.75,8.08,8,7.75,10,10,10,7.83,85,0
8,8,7.83,7.83,7.67,7.67,10,10,10,8,85,0.12
7.92,8.17,7.75,8.08,7.42,7.83,10,10,10,7.83,85,0
7.75,7.92,7.75,7.75,8,8,10,10,10,7.83,85,0
7.83,8.08,7.67,8,7.75,7.67,10,10,10,8,85,0.04
7.92,7.92,7.67,7.83,7.92,7.83,10,10,10,7.83,84.92,0
7.92,7.83,7.75,7.83,7.75,8,10,10,10,7.83,84.92,0.12
7.67,7.83,8,7.58,8,7.92,10,10,10,7.92,84.92,0.11
8,7.83,7.83,7.92,7.75,7.75,10,10,10,7.83,84.92,0.12
7.75,7.92,7.83,7.75,7.75,8,10,10,10,7.92,84.92,0.11
7.75,8,7.75,7.83,7.5,7.92,10,10,10,8.17,84.92,0.11
8,7.92,7.75,7.75,8,7.75,10,10,10,7.75,84.92,0.11
8,8,7.75,8,7.5,7.75,10,10,10,7.92,84.92,0.12
8,7.67,7.83,8.17,7.92,7.75,10,10,10,7.58,84.92,0.06
7.92,7.58,7.83,7.83,7.83,7.83,10,10,10,8,84.83,0
7.75,7.92,7.67,7.67,8.25,7.75,10,10,10,7.83,84.83,0.12
7.67,7.75,7.75,7.75,7.83,8,10,10,10,8.08,84.83,0
7.75,7.92,7.83,7.92,7.75,7.67,10,10,10,8,84.83,0.1
7.42,7.92,7.92,8,7.83,7.83,10,10,10,7.92,84.83,0.1
7.75,7.75,7.75,7.75,8,7.75,10,10,10,8,84.75,0.12
7.92,7.83,7.58,7.92,7.75,7.83,10,10,10,7.92,84.75,0.13
7.83,7.75,8,7.67,7.67,7.67,10,10,10,8.17,84.75,0.11
7.75,8,8,8.33,7.67,7.92,10,10,9.33,7.75,84.75,0.15
7.83,7.58,7.58,7.83,7.75,7.67,10,10,10,8.5,84.75,0.18
7.83,7.83,7.5,8,7.83,7.67,10,10,10,8,84.67,0
7.92,7.83,7.75,7.75,7.75,7.75,10,10,10,7.92,84.67,0.12
7.75,7.75,7.75,7.42,8.08,7.83,10,10,10,8.08,84.67,0.12
8.08,7.75,7.67,7.83,7.5,7.92,10,10,10,7.92,84.67,0.1
7.75,7.83,7.58,8,7.92,7.75,10,10,10,7.83,84.67,0.1
8.17,8,7.83,7.17,7.83,7.75,10,10,10,7.92,84.67,0.12
8.08,7.83,7.75,7.83,7.58,7.67,10,10,10,7.92,84.67,0.1
7.67,7.58,7.75,7.75,7.67,8.58,10,10,10,7.67,84.67,0.08
8,7.58,7.83,7.75,7.75,7.75,10,10,10,8,84.67,0.11
8.08,7.83,7.75,7.83,7.92,8,10,10,9.33,7.92,84.67,0
8,7.92,7.75,7.75,7.75,7.75,10,10,10,7.75,84.67,0.11
7.75,7.83,7.75,7.83,7.75,7.83,10,10,10,7.92,84.67,0
7.75,7.92,7.83,8,7.58,7.75,10,10,10,7.83,84.67,0.11
8,7.83,7.67,7.83,7.67,8,10,10,10,7.67,84.67,0.11
7.67,7.83,7.67,8,7.67,7.83,10,10,10,8,84.67,0.12
7.83,7.58,7.67,7.92,7.92,7.83,10,10,10,7.92,84.67,0.13
7.92,7.83,7.75,7.92,7.67,7.75,10,10,10,7.83,84.67,0.11
7.67,7.83,7.75,7.75,7.92,7.83,10,10,10,7.92,84.67,0
7.42,7.75,7.75,8,8,7.92,10,10,10,7.83,84.67,0.2
7.92,7.75,7.83,7.75,7.58,7.92,10,10,10,7.83,84.58,0.11
7.83,7.67,7.58,7.92,7.67,7.83,10,10,10,8.08,84.58,0
7.92,7.83,7.58,8,7.83,7.67,10,10,10,7.75,84.58,0
7.83,7.83,7.83,7.75,7.58,7.83,10,10,10,7.92,84.58,0.1
7.75,7.83,7.67,7.92,7.75,7.83,10,10,10,7.83,84.58,0.11
8,7.92,7.67,7.58,7.58,7.67,10,10,10,8.17,84.58,0.09
7.67,7.67,7.58,7.75,7.58,8.5,10,10,10,7.83,84.58,0
7.75,7.75,7.83,7.75,7.58,8,10,10,10,7.92,84.58,0
7.75,7.75,7.75,8.08,7.75,7.75,10,10,10,7.75,84.58,0
7.67,7.83,7.83,8,7.58,7.92,10,10,10,7.75,84.58,0
7.75,7.83,7.75,8,7.83,7.67,10,10,10,7.75,84.58,0.12
7.42,7.67,7.75,7.75,8.08,7.83,10,10,10,8.08,84.58,0.11
8,8,7.75,7.75,7.58,7.75,10,10,10,7.75,84.58,0.12
8.5,8,7.5,7.75,7.5,7.83,10,10,10,7.5,84.58,0.11
7.92,7.67,7.92,7.75,7.67,7.58,10,10,10,8,84.5,0.1
7.92,7.75,7.67,7.75,7.83,7.75,10,10,10,7.83,84.5,0.11
7.75,7.92,7.67,7.83,7.75,7.67,10,10,10,7.92,84.5,0.1
7.92,7.83,7.83,7.83,7.58,7.58,10,10,10,7.92,84.5,0.11
8.08,7.67,7.83,7.83,7.67,7.67,10,10,10,7.75,84.5,0.12
7.67,8,7.75,7.83,7.75,7.58,10,10,10,7.92,84.5,0
8.17,7.83,7.67,7.83,7.67,7.83,10,10,10,7.5,84.5,0.11
7.92,7.83,7.67,8,7.67,7.75,10,10,10,7.67,84.5,0.11
8,7.92,7.42,8.08,7.5,7.67,10,10,10,7.92,84.5,0.12
7.92,7.83,7.75,7.75,7.75,7.83,10,10,10,7.67,84.5,0.11
7.67,8,7.67,8,7.5,7.83,10,10,10,7.83,84.5,0.11
7.81,7.81,7.88,7.75,7.38,8.25,9.5,10,10,8.13,84.5,0
8.17,7.67,7.75,7.75,7.67,7.75,10,10,10,7.75,84.5,0
7.58,7.83,7.83,8,7.67,7.58,10,10,10,7.92,84.42,0.1
7.67,7.67,7.83,7.58,7.83,7.83,10,10,10,8,84.42,0
7.92,7.83,7.75,7.67,7.92,7.67,10,10,10,7.67,84.42,0
7.92,7.75,7.67,7.92,7.67,7.75,10,10,10,7.75,84.42,0
7.83,7.83,7.75,8,7.5,7.75,10,10,10,7.75,84.42,0.11
7.92,7.92,7.5,7.83,7.5,7.92,10,10,10,7.83,84.42,0.11
7.75,7.92,7.75,7.67,7.83,7.67,10,10,10,7.83,84.42,0.12
7.5,7.75,7.83,7.92,7.92,7.75,10,10,10,7.75,84.42,0.2
7.33,7.58,7.83,7.75,7.75,7.92,10,10,10,8.17,84.33,0.11
7.92,8,7.75,7.67,7.67,7.75,10,10,10,7.58,84.33,0.1
7.58,7.75,7.5,7.83,7.67,8.5,10,10,10,7.5,84.33,0
7.58,7.92,7.58,7.75,7.92,7.75,10,10,10,7.83,84.33,0.11
7.67,7.67,7.75,7.83,7.75,7.83,10,10,10,7.83,84.33,0
7.75,7.67,8,7.67,8.08,7.83,10,10,10,7.33,84.33,0.11
7.75,7.58,7.33,7.83,7.58,8.08,10,10,10,8.17,84.33,0
8,7.75,7.75,7.83,7.5,7.67,10,10,10,7.83,84.33,0.12
8.17,8,7.5,7.75,7.5,7.67,10,10,10,7.75,84.33,0
8,8,7.5,7.5,7.67,7.75,10,10,10,7.92,84.33,0.02
7.75,7.75,7.92,7.75,7.5,7.92,10,10,10,7.75,84.33,0
7.5,7.67,7.75,7.67,7.92,7.92,10,10,10,7.92,84.33,0.04
7.92,7.75,7.75,7.67,7.67,7.83,10,10,10,7.67,84.25,0.12
7.83,7.75,7.75,7.42,7.83,7.67,10,10,10,8,84.25,0.12
7.83,7.58,7.75,7.58,7.67,8,10,10,10,7.83,84.25,0.11
7.75,7.75,7.58,7.92,7.75,7.75,10,10,10,7.75,84.25,0.11
7.75,7.92,7.5,8.08,7.58,7.67,10,10,10,7.75,84.25,0.1
7.83,7.83,7.58,7.75,7.75,7.75,10,10,10,7.75,84.25,0.1
7.67,7.67,7.75,7.75,7.67,7.92,10,10,10,7.83,84.25,0.11
7.83,7.67,7.75,7.58,7.92,7.75,10,10,10,7.75,84.25,0.12
7.83,7.75,7.83,7.58,7.67,7.75,10,10,10,7.83,84.25,0.12
7.42,7.67,7.83,7.75,7.92,7.83,10,10,10,7.83,84.25,0.12
7.83,7.67,7.75,7.83,7.67,7.67,10,10,10,7.83,84.25,0.12
7.83,7.75,7.75,7.75,7.67,7.75,10,10,10,7.75,84.25,0.12
7.83,7.83,7.5,7.92,7.58,7.75,10,10,10,7.83,84.25,0.1
7.58,7.5,7.75,7.83,7.92,7.83,10,10,10,7.83,84.25,0.11
7.33,7.92,7.92,7.92,7.92,8.08,10,10,9.33,7.83,84.25,0.11
7.83,7.92,7.67,7.83,7.5,7.75,10,10,10,7.75,84.25,0.12
7.83,7.83,7.75,7.67,7.83,7.58,10,10,10,7.75,84.25,0.12
7.83,7.92,7.67,7.75,7.5,7.75,10,10,10,7.83,84.25,0.1
8.17,7.75,7.58,7.67,7.83,7.58,10,10,10,7.67,84.25,0.13
7.75,7.83,7.58,7.83,7.67,7.75,10,10,10,7.75,84.17,0.13
7.83,7.75,7.58,7.67,7.75,7.83,10,10,10,7.75,84.17,0
7.92,7.75,7.67,7.67,7.5,7.67,10,10,10,8,84.17,0.09
7.75,7.75,7.58,8,7.67,7.83,10,10,10,7.58,84.17,0.11
7.75,7.92,7.58,7.92,7.67,7.67,10,10,10,7.67,84.17,0.1
7.58,7.83,7.58,7.83,7.83,7.67,10,10,10,7.83,84.17,0.1
8,7.5,7.5,7.67,8,7.83,10,10,10,7.67,84.17,0
7.67,7.83,7.83,7.5,7.67,7.83,10,10,10,7.83,84.17,0.12
7.67,7.75,7.75,7.67,7.83,7.75,10,10,10,7.75,84.17,0
7.67,7.75,7.67,7.75,7.5,8,10,10,10,7.83,84.17,0
7.5,7.92,7.58,7.83,7.75,7.83,10,10,10,7.75,84.17,0.1
7.92,7.75,7.75,7.75,7.75,7.58,10,10,10,7.67,84.17,0.13
7.67,7.5,7.67,7.42,7.83,8.58,10,10,10,7.5,84.17,0.12
7.67,7.75,7.67,7.75,7.75,7.75,10,10,10,7.83,84.17,0.11
7.58,7.75,7.75,7.75,7.75,7.83,10,10,10,7.75,84.17,0.08
7.58,7.83,7.75,7.67,7.67,8,10,10,10,7.67,84.17,0.11
7.92,7.75,7.67,7.67,7.83,7.92,10,10,10,7.42,84.17,0.11
8.42,8.08,7.5,7.17,7.58,8.17,9.33,10,10,7.92,84.17,0.11
7.75,7.75,7.75,7.75,7.83,7.75,10,10,10,7.58,84.17,0
7.83,7.5,7.5,8,7.83,7.83,10,10,10,7.67,84.17,0.11
7.83,7.75,7.5,7.83,7.83,7.75,10,10,10,7.67,84.17,0.11
7.81,7.88,7.56,7.75,7.63,7.75,10,10,10,7.75,84.13,0.12
7.83,7.5,7.42,7.5,7.83,8.5,10,10,10,7.5,84.08,0
7.58,7.67,7.67,7.67,7.75,7.83,10,10,10,7.92,84.08,0.1
8,7.75,7.5,7.58,7.92,7.67,10,10,10,7.67,84.08,0.1
7.92,7.75,7.67,7.75,7.67,7.67,10,10,10,7.67,84.08,0
7.58,7.75,7.67,8,7.75,7.67,10,10,10,7.67,84.08,0.1
7.83,7.75,7.83,7.83,7.42,8.08,9.33,10,10,8,84.08,0.11
7.67,7.75,7.67,7.75,7.67,7.75,10,10,10,7.83,84.08,0.11
7.92,7.92,7.83,8,7.92,7.92,10,10,8.67,7.92,84.08,0.09
7.58,7.75,7.67,7.75,7.83,7.75,10,10,10,7.67,84,0.08
7.83,7.75,7.67,7.75,7.33,7.75,10,10,10,7.92,84,0.11
7.42,7.83,7.75,7.92,7.75,7.58,10,10,10,7.75,84,0.1
7.67,7.83,7.58,7.92,7.75,7.67,10,10,10,7.58,84,0.12
7.67,7.67,7.83,7.58,7.58,7.83,10,10,10,7.83,84,0.11
7.92,7.67,7.42,7.92,7.75,7.83,10,10,10,7.5,84,0.1
7.75,7.83,7.5,7.83,7.58,7.67,10,10,10,7.83,84,0.1
7.67,7.75,7.67,7.67,7.67,7.75,10,10,10,7.83,84,0.12
7.58,7.42,7.75,7.92,7.75,7.92,10,10,10,7.67,84,0.12
7.67,7.67,7.5,7.5,7.67,7.67,10,10,10,8.33,84,0.12
7.75,7.75,7.5,7.58,7.67,7.92,10,10,10,7.83,84,0.09
7.58,7.83,7.67,7.25,8,7.75,10,10,10,7.92,84,0.1
7.67,7.83,7.67,7.75,7.67,7.75,10,10,10,7.67,84,0.11
7.67,7.83,7.5,7.75,7.92,7.67,10,10,10,7.67,84,0
7.92,8.17,8.17,8.42,8.08,8.17,8.67,8.67,9.33,8.42,84,0.12
7.67,7.75,7.67,7.75,7.83,7.67,10,10,10,7.67,84,0
7.92,7.75,7.58,7.67,7.67,7.83,10,10,10,7.58,84,0.1
7.58,7.75,7.58,7.75,7.58,7.75,10,10,10,8,84,0.06
7.5,7.75,7.58,7.5,7.58,7.5,10,10,10,8.5,83.92,0
7.83,7.83,7.58,7.92,7.42,7.5,10,10,10,7.83,83.92,0.11
7.67,7.75,7.5,7.67,7.67,7.83,10,10,10,7.83,83.92,0.1
7.58,7.67,7.67,7.75,7.58,7.83,10,10,10,7.83,83.92,0.11
7.83,7.75,7.83,7.75,7.83,7.75,9.33,10,10,7.83,83.92,0.11
7.75,7.67,7.5,7.75,7.83,7.75,10,10,10,7.67,83.92,0.11
7.75,7.58,7.5,7.83,7.75,7.92,10,10,10,7.58,83.92,0
7.75,7.75,7.58,7.75,7.75,7.67,10,10,10,7.67,83.92,0
7.92,7.67,7.5,7.83,7.58,7.67,10,10,10,7.75,83.92,0
7.83,7.75,7.58,7.58,7.75,7.75,10,10,10,7.67,83.92,0
7.75,7.58,7.67,7.83,7.83,7.67,10,10,10,7.58,83.92,0
8,7.92,7.92,7.92,7.67,7.33,10,10,10,7.17,83.92,0.06
7.67,7.83,7.67,7.75,7.67,7.83,10,10,10,7.5,83.92,0.12
7.67,7.75,7.58,7.67,7.75,7.83,10,10,10,7.67,83.92,0.12
7.5,7.67,7.58,7.83,7.75,7.75,10,10,10,7.83,83.92,0.11
7.75,7.92,7.83,7.92,7.75,7.67,9.33,10,10,7.75,83.92,0
7.92,7.58,7.5,7.83,7.58,7.67,10,10,10,7.75,83.83,0
7.83,7.67,7.5,7.75,7.75,7.75,10,10,10,7.58,83.83,0
7.67,7.67,7.75,7.67,7.5,7.75,10,10,10,7.83,83.83,0
7.75,7.75,7.5,7.75,7.83,7.58,10,10,10,7.67,83.83,0.11
7.75,7.67,7.5,7.75,7.75,7.67,10,10,10,7.75,83.83,0
7.25,7.58,7.42,8,7.75,7.83,10,10,10,8,83.83,0
7.67,7.75,7.67,7.75,7.42,7.75,10,10,10,7.83,83.83,0
7.75,7.75,7.67,7.67,7.58,7.67,10,10,10,7.75,83.83,0.12
7.67,7.67,7.58,7.5,7.83,8.17,10,10,9.33,8.08,83.83,0
7.83,7.42,7.5,7.83,7.75,7.83,10,10,10,7.67,83.83,0.1
7.58,7.83,7.33,8,7.58,7.75,10,10,10,7.75,83.83,0.1
7.92,7.5,7.33,7.67,8.17,7.5,10,10,10,7.75,83.83,0.1
7.5,7.67,7.58,7.75,7.83,7.83,10,10,10,7.67,83.83,0.09
7.67,7.58,7.58,7.83,7.58,7.67,10,10,10,7.92,83.83,0.11
7.5,7.83,7.5,7.83,7.83,7.67,10,10,10,7.67,83.83,0.11
7.67,8,7.67,7.42,7.67,7.5,10,10,10,7.92,83.83,0.1
7.67,7.58,7.5,7.75,7.75,7.75,10,10,10,7.83,83.83,0.11
7.83,7.83,7.58,7.67,7.5,7.58,10,10,10,7.83,83.83,0.12
7.75,7.75,7.58,8,7.67,7.58,10,10,10,7.5,83.83,0.02
7.5,7.83,7.58,7.58,7.75,7.83,10,10,10,7.75,83.83,0.01
7.58,7.83,7.58,8,7.83,7.5,10,10,10,7.5,83.83,0.1
7.75,7.58,7.5,7.58,7.75,7.75,10,10,10,7.83,83.75,0.11
7.67,7.67,7.58,7.75,7.67,7.67,10,10,10,7.75,83.75,0.11
7.83,7.83,7.58,7.58,7.58,7.58,10,10,10,7.75,83.75,0.11
7.67,7.67,7.58,7.58,7.67,7.83,10,10,10,7.75,83.75,0
7.92,7.75,7.5,7.67,7.75,7.5,10,10,10,7.67,83.75,0
7.83,7.75,7.67,7.5,7.58,7.67,10,10,10,7.75,83.75,0.1
7.75,7.67,7.5,7.67,7.58,7.83,10,10,10,7.75,83.75,0
8,7.92,7.58,7.75,7.33,7.5,10,10,10,7.67,83.75,0.12
7.83,7.83,7.83,7.67,8,8.17,9.33,9.33,10,7.75,83.75,0.12
7.67,7.67,7.67,7.92,7.5,7.67,10,10,10,7.67,83.75,0
7.67,7.42,7.42,7.42,8,8.33,10,10,10,7.5,83.75,0
7.58,7.67,7.75,7.67,7.67,7.67,10,10,10,7.75,83.75,0
7.75,7.67,7.75,7.58,7.42,8,10,10,10,7.58,83.75,0.11
7.25,7.42,7.67,7.58,7.83,8.25,10,10,10,7.75,83.75,0
7.83,7.58,7.58,7.5,7.75,7.67,10,10,10,7.83,83.75,0.13
7.67,7.58,7.58,7.67,7.75,7.75,10,10,10,7.75,83.75,0.11
7.83,7.83,7.58,7.33,7.42,7.67,10,10,10,8.08,83.75,0.1
7.75,7.67,7.25,7.25,7.58,8.5,10,10,10,7.75,83.75,0.06
7.83,7.67,7.75,7.67,7.58,7.5,10,10,10,7.75,83.75,0
7.67,7.83,7.5,7.67,7.67,7.5,10,10,10,7.83,83.67,0.11
8.08,7.67,7.67,7.58,7.25,7.67,10,10,10,7.75,83.67,0.11
7.5,7.5,7.67,7.67,8,8,10,10,10,7.33,83.67,0.1
7.67,7.75,7.67,7.67,7.83,7.58,10,10,10,7.5,83.67,0.1
7.58,7.75,7.58,7.75,7.58,7.58,10,10,10,7.83,83.67,0.11
7.5,7.67,7.33,7.92,7.83,7.67,10,10,10,7.75,83.67,0.1
7.33,7.67,7.67,7.5,7.67,7.5,10,10,10,8.33,83.67,0.11
7.5,7.75,7.58,7.83,7.67,7.58,10,10,10,7.75,83.67,0.12
7.5,7.75,7.5,7.75,7.67,7.67,10,10,10,7.83,83.67,0.11
8,7.5,7.33,8,8,8,9.33,10,10,7.5,83.67,0.1
7.83,7.75,7.67,7.58,7.58,7.67,10,10,10,7.58,83.67,0
7.67,7.67,7.67,7.67,7.33,7.75,10,10,10,7.92,83.67,0
7.67,7.67,7.42,7.67,8,7.75,10,10,10,7.5,83.67,0.12
7.83,7.67,7.33,7.67,7.67,7.83,10,10,10,7.67,83.67,0.11
7.75,7.75,7.58,7.83,7.17,7.75,10,10,10,7.83,83.67,0.11
8.17,8.17,7.83,7.67,8.08,7.75,9.33,9.33,9.33,8,83.67,0.11
7.67,8.17,7.5,7.42,7.58,7.83,10,10,10,7.5,83.67,0.11
7.67,7.5,7.5,7.33,7.83,8.25,10,10,10,7.58,83.67,0.12
8.17,7.67,7.58,7.58,7.42,7.67,10,10,10,7.58,83.67,0.12
7.67,7.5,7.33,8,7.67,7.67,10,10,10,7.83,83.67,0.1
7.75,8,7.92,8.08,7.75,8,9.33,9.33,9.33,8.17,83.67,0
7.58,7.67,7.58,7.58,7.67,7.58,10,10,10,7.92,83.58,0.11
7.75,7.75,7.5,7.83,7.58,7.58,10,10,10,7.58,83.58,0.11
7.75,7.75,7.58,7.58,7.67,7.58,10,10,10,7.67,83.58,0.11
7.67,7.58,7.58,7.58,7.67,7.75,10,10,10,7.75,83.58,0.1
7.67,7.75,7.58,7.67,7.75,7.58,10,10,10,7.58,83.58,0.12
7.75,7.75,7.58,7.58,7.5,7.67,10,10,10,7.75,83.58,0.12
7.75,7.67,7.58,7.67,7.5,7.67,10,10,10,7.75,83.58,0
7.67,7.67,7.42,7.75,7.75,7.67,10,10,10,7.67,83.58,0.12
7.67,7.58,7.67,7.67,7.67,7.67,10,10,10,7.67,83.58,0
7.67,7.58,7.67,7.58,7.67,7.75,10,10,10,7.67,83.58,0.12
7.75,7.58,7.5,7.58,7.75,7.83,10,10,10,7.58,83.58,0
7.75,7.75,7.75,7.75,7.5,7.58,10,10,10,7.5,83.58,0.11
7.67,7.67,7.58,7.67,7.75,7.58,10,10,10,7.67,83.58,0.11
7.83,7.67,7.58,7.58,7.67,7.58,10,10,10,7.67,83.58,0.12
7.67,7.58,7.58,7.58,7.67,7.75,10,10,10,7.75,83.58,0.11
7.83,7.75,7.5,7.75,7.5,7.58,10,10,10,7.67,83.58,0.12
7.75,7.58,7.58,7.75,7.75,7.5,10,10,10,7.58,83.5,0
7.58,7.58,7.17,7.17,7,7,10,10,10,10,83.5,0.11
7.92,7.42,7.5,7.67,7.5,7.67,10,10,10,7.83,83.5,0
7.75,7.58,7.58,7.5,7.75,7.75,10,10,10,7.58,83.5,0
7.67,7.75,7.5,7.83,7.58,7.58,10,10,10,7.58,83.5,0.1
7.58,7.58,7.58,7.58,7.75,7.67,10,10,10,7.75,83.5,0.12
7.75,7.67,7.58,7.67,7.67,7.58,10,10,10,7.58,83.5,0.13
7.25,7.67,7.58,7.92,7.83,7.58,10,10,10,7.67,83.5,0.13
7.67,7.75,7.5,7.58,7.75,7.67,10,10,10,7.58,83.5,0.1
7.67,7.42,7.67,7.83,7.58,7.67,10,10,10,7.67,83.5,0
8,7.58,7.25,7.58,7.92,7.58,10,10,10,7.58,83.5,0.11
7.58,7.75,7.5,7.83,7.42,7.67,10,10,10,7.75,83.5,0.1
7.75,7.58,7.33,7.5,7.83,7.83,10,10,10,7.67,83.5,0
7.67,7.5,7.67,7.5,7.67,7.67,10,10,10,7.83,83.5,0.1
7.58,7.75,7.42,7.67,7.75,7.67,10,10,10,7.67,83.5,0
7.58,7.67,7.58,7.75,7.58,7.75,10,10,10,7.58,83.5,0.11
7.83,7.58,7.25,7.5,7.5,7.42,10,10,10,8.42,83.5,0.13
7.67,7.75,7.67,7.75,7.58,7.5,10,10,10,7.58,83.5,0.11
7.75,7.67,7.67,7.75,7.33,7.5,10,10,10,7.83,83.5,0.12
7.83,7.5,7.5,8,7.67,7.5,10,10,10,7.5,83.5,0.1
7.67,7.58,7.58,7.67,7.67,7.67,10,10,10,7.67,83.5,0.11
7.5,7.5,7.75,7.5,8,7.67,10,10,10,7.58,83.5,0
7.5,7.67,7.58,7.92,7.58,7.67,10,10,10,7.58,83.5,0.01
7.83,7.58,7.58,7.58,7.75,7.58,10,10,10,7.58,83.5,0
7.5,7.58,7.58,7.5,7.75,7.83,10,10,10,7.67,83.42,0
7.67,7.75,7.5,7.58,7.58,7.67,10,10,10,7.67,83.42,0.1
7.67,7.67,7.5,7.67,7.67,7.58,10,10,10,7.67,83.42,0.11
7.58,7.5,7.42,7.92,7.5,7.67,10,10,10,7.83,83.42,0.09
7.67,7.67,7,7.08,7,7,10,10,10,10,83.42,0.11
7.58,7.75,7.33,7.75,7.67,7.58,10,10,10,7.75,83.42,0.11
7.5,7.58,7.75,7.5,7.75,7.67,10,10,10,7.67,83.42,0.13
7.58,7.5,7.75,7.58,7.75,7.67,10,10,10,7.58,83.42,0.11
7.58,7.67,7.58,7.67,7.58,7.67,10,10,10,7.67,83.42,0.12
7.33,7.83,7.75,7.5,7.42,7.83,10,10,10,7.75,83.42,0.12
7.75,7.67,7.58,7.67,7.58,7.58,10,10,10,7.58,83.42,0.13
7.58,7.58,7.25,7.75,7.75,8.58,9.33,10,10,7.58,83.42,0.12
7.75,7.83,7.33,7.83,7.5,7.67,10,10,10,7.5,83.42,0.1
7.67,7.75,7.5,7.83,7.58,7.5,10,10,10,7.58,83.42,0.1
7.67,7.5,7.75,7.42,7.75,7.75,10,10,10,7.58,83.42,0.11
7.42,7.75,7.67,7.58,7.67,7.67,10,10,10,7.67,83.42,0
7.5,7.75,7.58,7.5,7.67,7.75,10,10,10,7.67,83.42,0.11
7.58,7.58,7.58,7.67,7.75,7.67,10,10,10,7.58,83.42,0.1
7.5,7.92,7.42,7.67,7.83,7.58,10,10,10,7.5,83.42,0.01
7.58,7.25,7.5,7.92,7.92,7.42,10,10,10,7.83,83.42,0.11
7.25,7.88,7.38,7.63,7.5,8.75,9,10,10,8,83.38,0.09
7.75,7.5,7.75,7.58,7.58,7.58,10,10,10,7.58,83.33,0
7.67,7.58,7.58,7.42,7.67,7.75,10,10,10,7.67,83.33,0
7.83,7.58,7.58,7.58,7.5,7.58,10,10,10,7.67,83.33,0
7.5,7.83,7.33,7.58,7.58,7.92,10,10,10,7.58,83.33,0.1
7.75,7.75,7.5,7.67,7.5,7.58,10,10,10,7.58,83.33,0.12
7.67,7.75,7.42,7.83,7.83,7.42,10,10,10,7.42,83.33,0.11
7.75,7.58,7.67,7.58,7.58,7.58,10,10,10,7.58,83.33,0.12
7.67,7.67,7.58,7.67,7.5,7.58,10,10,10,7.67,83.33,0.12
7.67,7.67,7.42,7.67,7.67,7.67,10,10,10,7.58,83.33,0.12
7.83,7.58,7.83,7.67,7.92,8,9.33,10,9.33,7.83,83.33,0.11
7.5,7.67,7.67,7.5,7.83,7.17,10,10,10,8,83.33,0.11
7.83,7.75,7.58,7.83,7.92,7.58,9.33,10,10,7.5,83.33,0.12
7.58,7.5,7.67,7.5,7.83,7.42,10,10,10,7.83,83.33,0.11
7.67,7.67,7.5,7.67,7.92,7.42,10,10,10,7.5,83.33,0.11
7.83,7.67,7.17,7.67,7.67,7.67,10,10,10,7.67,83.33,0.11
7.92,7.5,7.58,7.83,7.67,7.67,9.33,10,10,7.83,83.33,0.1
7.75,7.67,7.33,7.5,7.5,7.75,10,10,10,7.83,83.33,0
7.5,7.67,7.67,7.58,7.67,7.58,10,10,10,7.67,83.33,0
8.08,7.83,7.83,7.75,7.67,7.58,9.33,10,9.33,7.92,83.33,0.01
7.58,7.67,7.58,7.5,7.83,7.67,10,10,10,7.5,83.33,0
7.67,7.83,7.42,7.83,7.33,7.5,10,10,10,7.67,83.25,0.11
7.5,7.5,7.83,7.5,7.67,7.67,10,10,10,7.58,83.25,0.11
7.83,7.5,7.42,7.67,7.5,7.67,10,10,10,7.67,83.25,0.11
7.5,7.58,7.42,7.83,7.67,7.58,10,10,10,7.67,83.25,0.11
7.5,7.67,7.67,7.42,7.67,7.67,10,10,10,7.67,83.25,0.12
7.58,7.67,7.42,7.5,7.67,7.42,10,10,10,8,83.25,0.12
7.58,7.67,7.67,7.17,7.75,7.83,10,10,10,7.58,83.25,0
7.83,7.75,7.5,7.58,7.58,7.58,10,10,10,7.42,83.25,0.12
7.67,7.5,7.5,7.5,7.67,7.83,10,10,10,7.58,83.25,0.1
7.92,7.83,7.75,7.58,7.5,7.33,10,10,10,7.33,83.25,0.1
7.58,7.58,7.5,7.58,7.58,7.75,10,10,10,7.67,83.25,0
7.5,7.67,7.58,7.67,7.67,7.5,10,10,10,7.67,83.25,0.1
7.83,7.5,7.67,7.33,7.67,7.67,10,10,10,7.58,83.25,0.11
7.58,7.75,7.5,7.5,7.58,7.58,10,10,10,7.75,83.25,0.12
7.58,7.75,7.83,8,8.08,7.67,9.33,10,9.33,7.67,83.25,0.11
7.75,7.58,7.58,7.58,7.5,7.58,10,10,10,7.67,83.25,0.13
7.75,7.75,7.42,7.92,7.33,7.5,10,10,10,7.58,83.25,0.12
7.83,7.58,7.08,7.83,7.42,8.08,10,10,10,7.42,83.25,0.11
7.75,7.67,7.5,7.58,7.58,7.58,10,10,10,7.58,83.25,0.11
7.67,7.58,7.58,7.42,7.83,7.58,10,10,10,7.58,83.25,0.12
7.67,7.67,7.5,7.5,7.58,7.67,10,10,10,7.67,83.25,0.11
7.92,7.75,7.25,7.42,7.83,7.58,10,10,10,7.5,83.25,0.08
8,7.67,7.67,7.25,7.67,7.5,10,10,10,7.5,83.25,0.13
7.92,7.75,7.5,7.42,7.42,7.67,10,10,10,7.58,83.25,0.04
7.67,7.42,7.5,7.58,7.67,7.58,10,10,10,7.75,83.17,0.11
7.58,7.58,7.33,7.67,7.75,7.58,10,10,10,7.67,83.17,0.1
7.67,7.58,7.42,7.67,7.67,7.58,10,10,10,7.58,83.17,0.12
7.92,7.5,7.5,7.58,7.67,7.5,10,10,10,7.5,83.17,0.11
7.58,7.42,7.08,7.33,7.58,8.58,10,10,10,7.58,83.17,0.07
7.67,7.75,7.42,7.75,7.58,7.5,10,10,10,7.5,83.17,0.11
7.67,7.67,7.5,7.67,7.5,7.67,10,10,10,7.5,83.17,0.11
7.5,7.67,7.33,7.67,7.67,7.67,10,10,10,7.67,83.17,0.11
7.67,7.67,7.5,7.67,7.42,7.58,10,10,10,7.67,83.17,0.1
7.5,7.5,7.33,7.67,8,7.67,10,10,10,7.5,83.17,0
7.5,7.75,7.5,7.83,7.58,7.5,10,10,10,7.5,83.17,0.11
7.92,7.67,7.42,7.75,7.5,7.5,10,10,10,7.42,83.17,0.12
7.83,7.75,7.67,7.75,7.83,8.5,9.33,9.33,9.33,7.83,83.17,0.1
7.67,7.58,7.58,7.75,7.42,7.67,10,10,10,7.5,83.17,0.12
7.58,7.67,7.67,7.58,7.42,7.58,10,10,10,7.67,83.17,0.13
7.58,7.5,7.5,7.67,7.5,7.67,10,10,10,7.75,83.17,0
8,7.67,7.5,7.42,7.33,7.58,10,10,10,7.67,83.17,0.1
7.58,7.75,7.5,7.58,7.58,7.58,10,10,10,7.58,83.17,0.11
7.5,7.5,7.5,7.67,7.67,7.67,10,10,10,7.67,83.17,0.1
7.67,7.67,7.5,7.67,7.5,7.67,10,10,10,7.5,83.17,0.11
7.33,7.83,7.17,8.17,7.33,7.67,10,10,10,7.67,83.17,0.09
7.5,7.5,7.58,7.42,7.92,7.67,10,10,10,7.58,83.17,0.11
7.58,7.5,7.58,7.75,7.58,7.58,10,10,10,7.58,83.17,0.12
7.67,7.83,7.33,7.67,7.5,7.67,10,10,10,7.5,83.17,0.11
7.75,7.58,7.58,7.58,7.5,7.42,10,10,10,7.75,83.17,0.11
7.75,7.67,7.58,7.5,7.42,7.58,10,10,10,7.67,83.17,0.12
7.58,7.75,7.42,7.67,7.5,7.58,10,10,10,7.67,83.17,0.14
7.67,7.5,7.5,7.5,7.58,8.17,10,10,10,7.25,83.17,0.11
7.75,7.5,7.42,7.75,7.58,7.58,10,10,10,7.58,83.17,0.13
7.58,7.67,7.5,7.58,7.67,7.67,10,10,10,7.5,83.17,0.11
7.5,7.75,7.58,7.58,7.67,7.5,10,10,10,7.58,83.17,0.11
7.75,7.67,7.58,7.5,7.58,7.58,10,10,10,7.5,83.17,0.12
7.92,7.58,7.5,7.58,7.42,7.5,10,10,10,7.67,83.17,0.11
7.75,7.5,7.67,7.5,7.92,8,10,10,9.33,7.5,83.17,0
7.75,7.5,7.58,7.5,7.75,7.5,10,10,10,7.58,83.17,0.12
7.58,7.75,7.67,7.5,7.67,7.58,10,10,10,7.42,83.17,0.02
7.42,7.83,8.17,8.08,7.17,7.58,10,9.33,10,7.58,83.17,0.14
7.75,8,7.67,8.08,7.83,7.92,9.33,9.33,9.33,7.92,83.17,0.01
7.58,7.67,7.33,7.67,7.75,7.58,10,10,10,7.5,83.08,0
7.75,7.5,7.5,7.42,8,7.75,10,10,10,7.17,83.08,0
7.58,7.58,7.58,7.5,7.67,7.58,10,10,10,7.58,83.08,0.11
7.33,7.67,7.67,7.33,7.75,7.42,10,10,10,7.92,83.08,0
7.83,7.92,7.5,7.83,7.67,7.25,9.33,10,10,7.75,83.08,0
7.42,7.67,7.58,7.5,7.75,7.67,10,10,10,7.5,83.08,0.11
7.58,7.83,7.67,7.42,7.42,7.5,10,10,10,7.67,83.08,0
7.83,7.33,7.5,7.67,7.58,7.67,10,10,10,7.5,83.08,0.1
7.33,7.75,7.58,7.33,7.83,7.67,10,10,10,7.58,83.08,0.12
7.75,7.75,7.5,7.5,7.5,7.5,10,10,10,7.58,83.08,0.11
7.83,7.83,7.33,7.17,7.75,7.67,10,10,10,7.5,83.08,0.1
7.75,7.67,7.42,7.75,7.5,7.5,10,10,10,7.5,83.08,0.1
7.67,7.58,7.5,7.67,7.92,8,9.33,9.33,10,8.08,83.08,0
7.33,7.58,7.58,7.92,7.67,7.58,10,10,10,7.42,83.08,0.12
7.33,7.33,7.33,7.58,7.25,8.08,10,10,10,8.17,83.08,0.01
7.83,7.75,7.33,7.25,7.42,7.92,10,10,10,7.58,83.08,0.08
7.67,7.58,7.5,7.58,7.67,7.58,10,10,10,7.5,83.08,0
7.92,7.67,7.67,7.25,7.83,7.67,9.33,10,10,7.75,83.08,0.02
7.58,7.5,7.5,7.75,7.67,7.5,10,10,10,7.5,83,0
7.5,7.58,7.58,7.67,7.58,7.5,10,10,10,7.58,83,0.11
7.5,7.67,7.58,7.67,7.58,7.42,10,10,10,7.58,83,0.11
7.67,7.58,7.42,7.42,7.83,7.5,10,10,10,7.58,83,0.12
7.67,7.67,7.5,7.58,7.42,7.5,10,10,10,7.67,83,0.12
7.67,7.67,7.33,7.67,7.5,7.58,10,10,10,7.58,83,0.11
7.75,7.67,7.58,7.58,7.42,7.67,9.33,10,10,8,83,0
7.67,7.75,7.33,7.92,7.42,7.5,10,10,10,7.42,83,0.11
7.75,7.67,7.33,7.75,7.5,7.42,10,10,10,7.58,83,0.11
7.83,7.67,7.25,7.67,7.75,7.5,10,10,10,7.33,83,0.11
7.67,7.67,7.67,7.5,7.42,7.5,10,10,10,7.58,83,0
7.92,7.92,7.83,7.58,7.33,7.25,10,10,10,7.17,83,0.08
7.83,7.58,7.5,7.5,7.58,7.5,10,10,10,7.5,83,0.12
7.67,7.5,7.67,7.83,7.75,7.83,10,10,9.33,7.42,83,0
7.67,7.67,7.42,7.83,7.5,7.5,10,10,10,7.42,83,0.1
7.67,7.58,7.5,7.58,7.5,7.5,10,10,10,7.67,83,0.11
7.75,7.58,7.42,7.67,7.42,7.67,10,10,10,7.5,83,0.12
7.75,7.42,7.33,7.5,7.58,7.17,10,10,10,8.25,83,0.11
7.83,7.5,7.58,7.33,7.5,7.67,10,10,10,7.58,83,0
7.33,7.67,7.75,7.42,7.75,7.58,10,10,10,7.5,83,0.11
7.58,7.75,7.42,7.67,7.58,7.42,10,10,10,7.58,83,0
7.5,7.5,7.42,7.58,7.75,7.58,10,10,10,7.67,83,0.11
7.67,7.58,7.42,7.5,7.67,7.58,10,10,10,7.58,83,0.11
7.67,7.83,7.5,7.58,7.58,7.67,9.33,10,10,7.83,83,0.11
7.5,7.67,7.5,7.5,7.58,7.58,10,10,10,7.67,83,0.11
7.67,7.58,7.5,7.5,7.75,7.5,10,10,10,7.5,83,0
7.75,7.58,7.5,7.67,7.83,7.75,9.33,10,10,7.58,83,0
7.67,7.58,7.58,7.58,7.67,7.42,10,10,10,7.5,83,0.11
7.5,7.67,7.5,7.67,7.5,7.83,10,10,10,7.33,83,0.1
7.67,7.67,7.58,7.5,7.67,7.42,10,10,10,7.5,83,0.12
7.33,7.67,7.58,7.5,7.75,7.67,10,10,10,7.5,83,0.28
7.33,7.67,7.58,7.33,7.58,7.92,10,10,10,7.58,83,0.08
7.83,7.83,7.67,7.83,7.92,7.83,9.33,9.33,9.33,8.08,83,0
7.5,7.58,7.42,7.58,7.58,7.67,10,10,10,7.67,83,0
7.5,7.58,7.67,7.67,7.58,7.58,10,10,10,7.42,83,0.06
7.58,7.83,7.75,7.92,7.92,8.08,9.33,9.33,9.33,7.92,83,0.07
7.5,7.25,7.42,7.75,8.17,7.5,10,10,10,7.42,83,0
7.67,7.58,7.5,7.58,7.58,7.5,10,10,10,7.5,82.92,0
7.5,7.5,7.75,7.58,7.92,7.83,10,10,9.33,7.5,82.92,0
7.58,7.67,7.5,7.33,7.67,7.58,10,10,10,7.58,82.92,0.11
7.17,7.83,7.25,7.67,7.67,7.58,10,10,10,7.75,82.92,0.09
7.58,7.58,7.5,7.5,7.58,7.58,10,10,10,7.58,82.92,0
7.5,7.58,7.67,7.33,7.5,7.75,10,10,10,7.58,82.92,0
7.58,7.58,7.67,7.58,7.5,7.5,10,10,10,7.5,82.92,0.11
8.08,7.5,7.67,7.42,7.33,7.5,10,10,10,7.42,82.92,0
7.83,7.67,7.25,7.58,7.5,7.5,10,10,10,7.58,82.92,0.13
7.75,7.67,7.42,7.42,7.75,7.5,10,10,10,7.42,82.92,0.12
7.08,7.5,7.5,7.83,7.75,7.67,10,10,10,7.58,82.92,0.11
8,7.5,7.5,7.58,7.33,7.42,10,10,10,7.58,82.92,0.12
7.75,7.58,7.58,7.5,7.5,7.5,10,10,10,7.5,82.92,0.12
7.75,7.5,7.42,7.58,7.67,7.5,10,10,10,7.5,82.92,0.1
7.67,7.83,7.42,7.5,7.33,7.5,10,10,10,7.67,82.92,0.1
7.58,7.58,7.25,7.58,7.58,7.58,10,10,10,7.75,82.92,0.1
7.58,7.5,7.75,7.33,7.58,7.58,10,10,10,7.58,82.92,0.11
7.75,7.5,7.25,7.5,7.75,7.5,10,10,10,7.67,82.92,0
7.83,7.75,7.25,7.92,7.5,7.17,10,10,10,7.5,82.92,0.11
7.83,7.67,7.42,7.42,7.5,7.58,10,10,10,7.5,82.92,0.11
7.58,7.58,7.33,7.25,7.58,7.75,10,10,10,7.83,82.92,0.1
7.67,7.33,7.17,7.58,8.08,7.42,10,10,10,7.67,82.92,0
8,7.92,7.67,7.17,7.67,7.42,9.33,10,10,7.75,82.92,0.14
7.5,7.5,7.5,7.42,7.67,7.83,10,10,10,7.5,82.92,0.1
7.5,7.75,7.33,7.75,7.08,7.83,10,10,10,7.67,82.92,0.15
7.42,7.58,7.5,7.17,7.5,8,10,10,10,7.75,82.92,0
7.75,7.58,7.42,7.58,7.5,7.5,10,10,10,7.5,82.83,0.1
7.5,7.58,7.33,7.67,7.58,7.58,10,10,10,7.58,82.83,0.11
7.67,7.58,7.58,7.5,7.5,7.42,10,10,10,7.58,82.83,0.11
7.33,7.67,7.67,7.83,7.33,7.67,10,10,10,7.33,82.83,0
7.83,7.92,7.75,7.83,7.75,7.75,9.33,9.33,9.33,8,82.83,0.11
7.25,7.58,7.5,7.42,7.75,7.42,10,10,10,7.92,82.83,0.11
7.58,7.58,7.33,7.67,7.67,7.5,10,10,10,7.5,82.83,0.11
7.58,7.83,7.33,7.67,7.42,7.33,10,10,10,7.67,82.83,0.12
7.83,7.67,7.5,7.58,7.5,7.67,10,10,10,7.08,82.83,0
7.42,7.58,7.25,7.5,7.75,7.75,10,10,10,7.58,82.83,0
7.67,7.67,7.75,7.67,7.42,7.17,10,10,10,7.5,82.83,0.1
7.5,7.42,7.58,7.5,7.58,7.58,10,10,10,7.67,82.83,0
7.83,7.5,7.5,7.42,7.5,7.5,10,10,10,7.58,82.83,0.11
7.67,7.5,7.33,7.25,7.58,7.75,10,10,10,7.75,82.83,0.11
7.58,7.67,7.5,7.58,7.5,7.5,10,10,10,7.5,82.83,0.12
7.67,7.58,7.42,7.75,7.42,7.42,10,10,10,7.58,82.83,0.12
7.67,7.67,7.33,7.5,7.33,7.92,10,10,10,7.42,82.83,0.11
7.58,7.58,7.5,7.42,7.67,7.58,10,10,10,7.5,82.83,0.11
7.75,7.58,7.75,7.75,7.25,7.5,10,10,10,7.25,82.83,0
7.5,7.58,7.42,7.67,7.58,7.5,10,10,10,7.5,82.75,0.1
7.58,7.67,7.5,7.58,7.5,7.42,10,10,10,7.5,82.75,0.11
7.5,7.67,7.17,7.67,7.67,7.58,10,10,10,7.5,82.75,0.11
7.5,7.5,7.42,7.58,7.67,7.5,10,10,10,7.58,82.75,0.1
7.42,7.58,7.42,7.67,7.5,7.5,10,10,10,7.67,82.75,0.1
7.5,7.58,7.42,7.58,7.58,7.5,10,10,10,7.58,82.75,0.12
7.58,7.58,7.33,7.58,7.33,7.67,10,10,10,7.67,82.75,0.12
7.83,7.67,7.33,7.67,7.58,7.67,9.33,10,10,7.67,82.75,0
7.67,7.67,7.17,7.33,7.58,7.67,10,10,10,7.67,82.75,0
7.58,7.5,7.42,7.67,7.42,7.5,10,10,10,7.67,82.75,0.09
7.58,7.5,7.42,7.58,7.5,7.5,10,10,10,7.67,82.75,0.09
7.5,7.5,7.58,7.5,7.58,7.58,10,10,10,7.5,82.75,0.11
7.67,7.5,7.33,7.33,7.67,7.67,10,10,10,7.58,82.75,0.1
7.5,7.67,7.42,7.67,7.5,7.5,10,10,10,7.5,82.75,0.11
7.5,7.58,7.58,7.75,7.33,7.5,10,10,10,7.5,82.75,0
7.75,7.58,7.42,7.5,7.33,7.5,10,10,10,7.67,82.75,0.12
7.75,7.42,7.25,7.75,7.5,7.67,10,10,10,7.42,82.75,0.13
7.67,7.42,7.42,7.58,7.33,7.67,10,10,10,7.67,82.75,0.12
7.67,7.58,7.42,7.83,7.33,7.5,10,10,10,7.42,82.75,0.1
7.58,7.83,7.75,7.75,7.42,8,9.33,9.33,10,7.75,82.75,0.1
7.58,7.33,7.17,7.33,7.25,8.58,10,10,10,7.5,82.75,0.1
7.58,7.58,7.5,7.5,7.5,7.5,10,10,10,7.58,82.75,0.12
7.58,7.58,7.33,7.75,7.25,7.58,10,10,10,7.67,82.75,0.12
8.08,8.17,8,8,7.83,7.92,6.67,10,10,8.08,82.75,0.12
7.5,7.58,7.42,7.67,7.5,7.58,10,10,10,7.5,82.75,0
7.67,7.58,7.58,7.58,7.5,7.42,10,10,10,7.42,82.75,0.11
7.25,7.75,7.5,7.83,7.67,7.67,9.33,10,10,7.75,82.75,0.12
7.42,7.42,7.5,7.58,7.5,7.75,10,10,10,7.58,82.75,0
7.75,7.67,7.5,7.83,7.17,7.42,10,10,10,7.42,82.75,0
7.5,7.58,7.25,7.75,7.58,7.5,10,10,10,7.5,82.67,0
7.5,7.58,7.5,7.67,7.5,7.42,10,10,10,7.5,82.67,0.11
7.67,7.67,7.42,7.42,7.42,7.5,10,10,10,7.58,82.67,0.13
7.67,7.67,7.67,7.67,7.5,7.67,10,10,9.33,7.5,82.67,0
7.5,7.67,7.42,7.75,7.42,7.17,10,10,10,7.75,82.67,0.11
7.75,7.5,7.33,7.58,7.33,7.75,10,10,10,7.42,82.67,0
7.58,7.5,7.42,7.67,7.5,7.5,10,10,10,7.5,82.67,0
7.33,7.5,7.58,7.58,7.67,7.5,10,10,10,7.5,82.67,0.12
7.5,7.5,7.5,7.5,7.5,7.58,10,10,10,7.58,82.67,0.12
7.58,7.5,7.5,7.58,7.33,7.58,10,10,10,7.58,82.67,0.12
8,7.83,7.83,7.42,7.25,7.25,10,10,10,7.08,82.67,0.08
7.67,7.58,7.42,7.5,7.42,7.5,10,10,10,7.58,82.67,0.11
7.67,7.5,7.33,7.67,7.5,7.5,10,10,10,7.5,82.67,0.12
7.67,7.5,7.5,7.5,7.5,7.5,10,10,10,7.5,82.67,0.11
7.42,7.5,7.5,7.67,7.58,7.5,10,10,10,7.5,82.67,0.11
7.75,7.58,7.67,7.25,7.58,7.42,10,10,10,7.42,82.67,0.11
7.92,8,7.5,6.75,7.92,7.58,10,10,9.33,7.67,82.67,0
7.67,7.67,7.17,7.67,7.5,7.5,10,10,10,7.5,82.67,0.11
7.83,7.33,7.83,7.33,7.58,7.83,10,10,9.33,7.58,82.67,0.12
7.58,7.58,7.42,7.58,7.42,7.5,10,10,10,7.58,82.67,0.11
7.5,7.58,7.58,7.58,7.42,7.42,10,10,10,7.58,82.67,0.12
7.33,7.58,7.42,7.42,7.67,7.67,10,10,10,7.58,82.67,0.11
7.83,7.67,7.5,7.67,7.5,7.58,10,10,9.33,7.58,82.67,0.03
7.75,7.58,7.25,7.75,7.67,7.58,10,10,10,7.08,82.67,0
8.08,7.67,7.67,7.33,7.33,7.17,10,10,10,7.42,82.67,0.08
7.5,7.42,7.33,7.33,7.67,7.83,10,10,10,7.58,82.67,0.21
7.5,7.42,7.42,7.75,7.5,7.5,10,10,10,7.5,82.58,0.1
7.67,7.42,7.5,7.42,7.58,7.5,10,10,10,7.5,82.58,0.11
7.5,7.58,7.42,7.5,7.75,7.33,10,10,10,7.5,82.58,0.11
7.25,7.25,7,7.08,7,7,10,10,10,10,82.58,0.11
7.42,7.42,7.5,7.33,7.25,7.67,10,10,10,8,82.58,0
7.83,7.58,7.42,7.33,7.42,7.5,10,10,10,7.5,82.58,0.13
7.75,7.33,7.42,7.67,7.42,7.5,10,10,10,7.5,82.58,0.12
7.42,7.58,7.58,7.42,7.58,7.5,10,10,10,7.5,82.58,0.12
7.75,7.42,7.33,7.5,7.58,7.5,10,10,10,7.5,82.58,0.12
7.83,7.5,7.42,7.58,7.42,7.42,10,10,10,7.42,82.58,0.12
7.67,7.42,7.5,7.67,7,7.75,10,10,10,7.58,82.58,0.11
7.58,7.58,7.42,7.75,7.67,7.67,9.33,10,10,7.58,82.58,0
7.5,7.58,7.42,7.58,7.42,7.58,10,10,10,7.5,82.58,0
7.75,7.25,7.33,7.42,7.5,7.83,10,10,10,7.5,82.58,0.11
7.75,7.5,7.75,7.25,7.33,7.58,10,10,10,7.42,82.58,0.11
7.58,7.5,7.42,7.58,7.67,7.42,10,10,10,7.42,82.58,0.11
7.5,7.58,7.5,7.5,7.42,7.5,10,10,10,7.58,82.58,0.1
7.67,7.58,7.58,7.75,7.67,6.83,10,10,10,7.5,82.58,0.12
7.33,7.42,7.58,7.42,7.67,7.5,10,10,10,7.67,82.58,0.11
7.58,7.5,7.33,7.75,7.5,7.5,10,10,10,7.42,82.58,0
7.5,7.5,7.5,7.5,7.58,7.5,10,10,10,7.42,82.5,0.11
7.83,7.75,7.25,7.5,7.42,7.33,10,10,10,7.42,82.5,0.11
7.58,7.58,7.33,7.5,7.5,7.5,10,10,10,7.5,82.5,0.1
7.5,7.5,7.33,7.5,7.67,7.5,10,10,10,7.5,82.5,0.1
7.5,7.83,7.5,7.75,7.33,7.42,9.33,10,10,7.83,82.5,0.12
7.33,7.5,7.5,7.5,7.67,7.5,10,10,10,7.5,82.5,0.11
7.67,7.42,7.33,7.58,7.5,7.5,10,10,10,7.5,82.5,0.12
7.75,7,7.42,7.58,7.58,7.58,10,10,10,7.58,82.5,0.12
7.42,7.58,7.5,7.67,7.25,7.5,10,10,10,7.58,82.5,0
7.42,7.5,7.67,7.33,7.42,7.67,10,10,10,7.5,82.5,0.11
7.83,7.42,7.33,7.67,7.42,7.5,10,10,10,7.33,82.5,0.12
7.5,7.5,7.42,7.42,7.58,7.58,10,10,10,7.5,82.5,0.11
7.83,7.67,7.17,7.33,7.5,7.67,10,10,10,7.33,82.5,0.11
7.5,7.58,7.5,7.5,7.42,7.42,10,10,10,7.58,82.5,0.13
7.67,7.5,7.33,7.67,7.5,7.33,10,10,10,7.5,82.5,0.12
7.92,7.5,7.33,7.58,7.25,7.42,10,10,10,7.5,82.5,0.11
7.67,7.33,7.33,7.33,7.5,7.83,10,10,10,7.5,82.5,0.11
7.67,7.42,7.33,7.67,7.5,7.5,10,10,10,7.42,82.5,0
7.67,7.5,7.33,7.5,7.25,7.67,10,10,10,7.58,82.5,0.11
7.33,7.42,7.33,7.75,7.42,7.67,10,10,10,7.58,82.5,0.12
7.75,7.58,7.67,7.67,7.58,7.58,9.33,10,10,7.33,82.5,0.01
7.42,7.67,7.17,7.58,7.58,7.5,10,10,10,7.5,82.42,0.12
7.58,7.5,7.33,7.75,7.33,7.5,10,10,10,7.42,82.42,0.1
7.67,7.58,7.25,7.67,7.42,7.33,10,10,10,7.5,82.42,0.12
7.58,7.5,7.25,7.67,7.5,7.5,10,10,10,7.42,82.42,0.12
7.5,7.42,7.08,7.75,7.67,7.5,10,10,10,7.5,82.42,0.11
7.67,7.42,7.42,7.5,7.42,7.42,10,10,10,7.58,82.42,0.1
7.42,7.5,7.33,7.5,7.25,7.42,10,10,10,8,82.42,0.11
7.67,7.25,7.42,7.42,7.67,7.42,10,10,10,7.58,82.42,0.13
7.17,7.83,7.33,7.5,7.75,7.42,10,10,10,7.42,82.42,0
7.5,7.5,7.5,7.67,7.42,7.5,10,10,10,7.33,82.42,0.1
7.42,7.5,7.42,7.58,7.42,7.5,10,10,10,7.58,82.42,0.11
7.58,7.67,7.33,7.5,7.5,7.42,10,10,10,7.42,82.42,0.12
7.58,7.58,7.58,7.75,7.5,7.58,9.33,10,10,7.5,82.42,0
7.25,7.33,7.25,7.5,7.42,7.5,10,10,10,8.17,82.42,0
7.5,7.58,7.5,7.92,7.42,7.67,9.33,10,10,7.5,82.42,0.12
7.25,7.67,7.42,7.17,7.75,7.5,10,10,10,7.67,82.42,0.09
7.67,7.42,7.33,7.5,7.58,7.5,10,10,10,7.42,82.42,0.11
7.5,7.42,7.42,7.67,7.42,7.58,10,10,10,7.42,82.42,0.12
7.42,7.58,7.5,7.42,7.58,7.5,10,10,10,7.42,82.42,0.13
7.42,7.58,7.33,7.58,7.5,7.5,10,10,10,7.5,82.42,0.14
7.75,7.33,7.25,7.58,7.58,7.33,10,10,10,7.58,82.42,0.13
7.5,7.58,7.33,7.5,7.5,7.5,10,10,10,7.5,82.42,0.11
7.58,7.58,7.17,7.5,7.5,7.5,10,10,10,7.58,82.42,0.14
7.58,7.33,7.33,7.58,7.5,7.5,10,10,10,7.58,82.42,0.11
7.67,7.58,7.33,7.42,7.58,7.33,10,10,10,7.5,82.42,0.13
7.83,7.5,7.42,7.67,7.17,7.33,10,10,10,7.5,82.42,0.12
7.67,7.33,7.25,7.42,7.5,7.67,10,10,10,7.58,82.42,0
7.75,7.5,7.42,7.42,7.5,7.42,10,10,10,7.42,82.42,0.11
7.33,7.58,7.17,7.58,7.42,7.58,10,10,10,7.75,82.42,0
7.58,7.25,7.42,7.25,7.58,7.83,10,10,10,7.5,82.42,0.02
7.5,7.58,7.33,7.5,7.42,7.42,10,10,10,7.58,82.33,0.1
7.33,7.5,7.5,7.33,7.5,7.5,10,10,10,7.67,82.33,0.11
7.42,7.42,7.42,7.5,7.5,7.58,10,10,10,7.5,82.33,0.11
7.5,7.5,7.42,7.5,7.42,7.5,10,10,10,7.5,82.33,0.11
7.75,7.5,7.25,7.25,7.42,7.67,10,10,10,7.5,82.33,0.1
7.75,7.33,7.5,7.5,7.33,7.58,10,10,10,7.33,82.33,0
7.5,7.58,7.42,7.5,7.42,7.42,10,10,10,7.5,82.33,0.12
8.25,7.83,7.25,8.33,8.17,8.08,10,6.67,10,7.75,82.33,0.07
7.42,7.5,7.5,7.42,7.5,7.58,10,10,10,7.42,82.33,0.11
7.5,7.42,7.17,7.83,7.5,7.5,10,10,10,7.42,82.33,0.1
7.33,7.58,7.42,7.58,7.33,7.5,10,10,10,7.58,82.33,0.12
7.75,8.08,7.67,8.08,8.08,8,10,10,6.67,8,82.33,0.11
7.58,7.67,7.5,7.58,7.75,7.5,9.33,10,10,7.42,82.33,0.12
7.33,7.58,7.42,7.5,7.5,7.5,10,10,10,7.5,82.33,0.11
7.42,7.33,7.5,7.17,7.08,8.33,10,10,10,7.5,82.33,0.1
7.5,7.5,7.5,7.5,7.5,7.5,10,10,10,7.33,82.33,0.11
7.5,7.5,7.5,7.5,7.5,7.5,10,10,10,7.33,82.33,0.11
7.5,7.42,7.58,7.5,7.5,7.58,10,10,10,7.25,82.33,0.12
7.5,7.42,7.5,7.5,7.5,7.58,10,10,10,7.33,82.33,0
7.67,7.5,7.42,7.5,7.42,7.42,10,10,10,7.42,82.33,0.12
7.92,7.58,7.25,7.75,7.92,7.58,9.33,9.33,10,7.67,82.33,0
7.67,7.5,7.33,7.67,7.5,7.33,10,10,10,7.33,82.33,0.11
7.58,7.67,7.58,7.33,7,7.58,10,10,10,7.58,82.33,0.15
7.67,7.58,7.5,7.58,7.5,7.5,10,10,10,7,82.33,0.13
7.5,7.67,7.33,7.5,7.33,7.5,10,10,10,7.5,82.33,0.1
7.58,7.5,7.42,7.5,7.5,7.42,10,10,10,7.42,82.33,0.12
8,7.75,7.33,7.33,7.08,7.67,9.33,10,10,7.83,82.33,0.11
7.58,7.58,7.25,7.58,7.42,7.5,10,10,10,7.42,82.33,0.11
7.83,7.58,7.33,7.25,7.58,7.42,10,10,10,7.33,82.33,0
7.58,7.5,7.25,7.42,7.67,7.33,10,10,10,7.5,82.25,0.09
7,7.08,7,7.17,7,7,10,10,10,10,82.25,0.1
7.67,7.5,7.25,7.67,7.42,7.42,10,10,10,7.33,82.25,0.11
7.42,7.67,7.5,7.08,7.5,7.42,10,10,10,7.67,82.25,0
7.58,7.67,7.5,7.67,7.83,8.42,9.33,9.33,9.33,7.58,82.25,0.12
7.58,7.5,7.42,7.58,7.42,7.42,10,10,10,7.33,82.25,0.11
7.58,7.42,7.33,7.42,7.58,7.5,10,10,10,7.42,82.25,0.13
7.75,7.58,7.42,7.42,7.33,7.33,10,10,10,7.42,82.25,0.11
7.5,7.5,7.5,7.5,7.5,7.5,10,10,10,7.25,82.25,0.11
7.58,7.58,7.42,7.42,7.42,7.42,10,10,10,7.42,82.25,0.12
7.33,7.42,7.5,7.67,7.5,7.42,10,10,10,7.42,82.25,0
7.58,7.58,7.5,7.17,7.42,7.42,10,10,10,7.58,82.25,0.16
7.5,7.5,7.33,7.58,7.67,7.33,10,10,10,7.33,82.25,0.11
7.5,7.58,7.42,7.67,7.33,7.42,10,10,10,7.33,82.25,0.13
7.67,7.58,7.33,7.5,7.42,7.42,10,10,10,7.33,82.25,0.12
7.75,7.33,7.33,7.5,7.5,7.5,10,10,10,7.33,82.25,0
7.33,7.58,7.42,7.67,7.33,7.5,10,10,10,7.42,82.25,0.11
7.42,7.5,7.42,7.58,7.42,7.5,10,10,10,7.42,82.25,0.1
7.5,7.42,7.67,7.33,7.58,7.33,10,10,10,7.42,82.25,0.12
7.67,7.33,7.33,7.33,7.5,7.5,10,10,10,7.58,82.25,0.11
7.67,7.58,7.42,7,7.5,7.58,10,10,10,7.5,82.25,0.12
7.17,7.25,7.58,7.25,7.58,7.67,10,10,10,7.75,82.25,0.22
7.42,7.42,7.5,7.42,7.42,7.5,10,10,10,7.5,82.17,0.11
7.5,7.5,7.17,7.42,7.5,7.5,10,10,10,7.58,82.17,0.11
7.5,7.5,7.33,7.42,7.5,7.42,10,10,10,7.5,82.17,0.1
7.58,7.42,7.42,7.33,7.5,7.42,10,10,10,7.5,82.17,0.13
7.42,7.42,7.42,7.5,7.5,7.33,10,10,10,7.58,82.17,0.12
6.92,7.58,7.42,7.33,7.83,7.5,10,10,10,7.58,82.17,0
7.42,7.42,7.17,7.75,7.25,7.67,10,10,10,7.5,82.17,0.12
7.67,7.5,7.25,7.42,7.58,7.42,10,10,10,7.33,82.17,0.11
7.42,7.42,7.5,7.5,7.42,7.5,10,10,10,7.42,82.17,0.09
7.58,7.5,7.42,7.25,7.5,7.42,10,10,10,7.5,82.17,0.12
7.75,7.42,7.42,7.58,7.33,7.42,10,10,10,7.25,82.17,0.12
7.42,7.33,7.17,7.42,7.33,8.17,10,10,10,7.33,82.17,0.12
7.5,7.5,7.33,7.42,7.5,7.42,10,10,10,7.5,82.17,0.1
7.5,7.5,7.5,7.5,7.5,7.5,10,10,10,7.17,82.17,0.11
7.67,7.5,7.5,7.17,7.17,7.58,10,10,10,7.58,82.17,0
7.33,7.25,7.25,7.58,7.75,7.5,10,10,10,7.5,82.17,0
7.5,7.67,7,7.5,7.33,7.5,10,10,10,7.67,82.17,0.15
7.25,7.75,7,7.75,8.17,7.75,10,10,9.33,7.17,82.17,0.12
7.5,7.58,7.25,7.5,7.5,7.33,10,10,10,7.5,82.17,0.12
7,7.67,7.5,7.5,7.42,7.5,10,10,10,7.58,82.17,0.1
7.58,7.67,7.42,7.17,7.17,7.75,10,10,10,7.42,82.17,0.08
7.5,7.5,7.42,7.42,7.5,7.42,10,10,10,7.33,82.08,0.15
7.75,7.58,7.42,7.67,7.83,7.58,9.33,9.33,10,7.58,82.08,0
7.42,7.58,7.42,7.5,7.42,7.25,10,10,10,7.5,82.08,0.11
7.25,7.25,7.58,7.58,7.25,7.92,10,10,10,7.25,82.08,0
7.75,7.42,7.42,7.25,7.17,7.42,10,10,10,7.67,82.08,0
7.42,7.33,7.42,7.42,7.5,7.58,10,10,10,7.42,82.08,0.12
7.42,7.5,7.5,7.33,7.33,7.5,10,10,10,7.5,82.08,0.12
7.5,7.42,7.42,7.42,7.67,7.42,10,10,10,7.25,82.08,0.11
7.58,7.33,7.33,7.33,7.5,7.67,10,10,10,7.33,82.08,0.11
7.25,7.58,7.58,7.25,7.5,7.42,10,10,10,7.5,82.08,0.11
7.42,7.58,7.5,7.33,7.42,7.42,10,10,10,7.42,82.08,0.13
7.5,7.42,7.42,7.5,7.25,7.5,10,10,10,7.5,82.08,0.13
7.67,7.5,7.25,7.58,7.42,7.33,10,10,10,7.33,82.08,0.11
7.67,8,7.17,7.08,7.67,7.08,10,10,10,7.42,82.08,0.12
7.58,7.42,7.25,7.75,7.33,7.42,10,10,10,7.33,82.08,0.11
7.33,7.5,7.33,7.58,7.08,7.83,10,10,10,7.42,82.08,0.1
7.67,7.42,7.67,7.33,7.25,7.58,10,10,10,7.17,82.08,0.08
7.5,7.5,7.17,7.5,7.5,7.42,10,10,10,7.42,82,0.12
7.5,7.5,7.25,7.33,7.42,7.5,10,10,10,7.5,82,0.1
7.5,7.33,7.42,7.5,7.33,7.42,10,10,10,7.5,82,0.11
7.67,7.33,7.33,7.42,7.42,7.42,10,10,10,7.42,82,0.13
7.42,7.5,7.25,7.33,7.5,7.5,10,10,10,7.5,82,0.12
7.42,7.42,7.33,7.58,7.33,7.42,10,10,10,7.5,82,0.12
7.5,7.42,7.33,7.58,7.33,7.5,10,10,10,7.33,82,0.13
7.33,7.5,7.17,7.42,7.5,7.33,10,10,10,7.75,82,0.09
7.58,7.5,7.42,7.42,7.33,7.42,10,10,10,7.33,82,0.11
7.5,7.25,7.33,7.33,7.75,7.5,10,10,10,7.33,82,0.1
7.33,7.33,7.33,7.5,7.5,7.83,10,10,10,7.17,82,0.11
7.33,7.33,7.58,7.5,7.5,7.58,10,10,10,7.17,82,0.11
7.42,7.58,7.33,7.42,8,7.5,9.33,10,10,7.42,82,0.12
7.33,7.67,7.42,7.17,7.33,7.42,10,10,10,7.67,82,0.11
7.67,7.33,7.25,7.5,7.42,7.42,10,10,10,7.42,82,0.12
7.42,7.5,7.33,7.5,7.33,7.5,10,10,10,7.42,82,0.12
7.42,7.5,7.25,7.5,7.5,7.42,10,10,10,7.42,82,0.11
7.33,7.33,7.33,7.5,7.67,7.67,10,10,10,7.17,82,0.11
7.58,7.5,7.17,7.5,7.5,7.42,10,10,10,7.33,82,0.12
7.75,7.33,7.33,7.42,7.75,7.67,10,10,9.33,7.42,82,0
7.33,7,7.08,7.42,7.5,7.67,10,10,10,8,82,0.07
7.58,7.5,7.25,7.58,7.58,7.5,9.33,10,10,7.58,81.92,0.1
7.5,7.5,7.25,7.42,7.42,7.42,10,10,10,7.42,81.92,0.11
7.58,7.5,7.25,7.33,7.42,7.5,10,10,10,7.33,81.92,0.12
7.42,7.33,7.33,7.5,7.5,7.33,10,10,10,7.5,81.92,0.11
7.67,7.58,7.33,7.5,7.5,7.67,10,10,9.33,7.33,81.92,0.11
7.58,7.58,7.17,7.83,7.17,7.33,10,10,10,7.25,81.92,0.11
7.33,7.33,7.33,7.42,7.5,7.58,10,10,10,7.42,81.92,0.12
7.58,7.42,7.25,7.17,7.5,7.67,10,10,10,7.33,81.92,0.12
7.67,7.08,7.42,7.33,7.75,7.42,10,10,10,7.25,81.92,0
7.42,7.33,7.33,7.58,7.33,7.5,10,10,10,7.42,81.92,0.11
7.5,7.5,7.42,7.25,7.5,7.5,10,10,10,7.25,81.92,0.11
7.58,7.5,7.25,7.58,7.5,7.25,10,10,10,7.25,81.92,0.12
7.5,7.5,7.25,7.25,7.5,7.5,10,10,10,7.42,81.92,0.13
7.5,7.42,7.25,7.5,7.33,7.33,10,10,10,7.58,81.92,0.14
7.33,7.58,7.17,7.58,7.42,7.33,10,10,10,7.5,81.92,0.12
7.67,7.42,7.33,7.83,7.5,7.5,9.33,10,10,7.33,81.92,0.12
7.42,7.58,7.25,7.5,7.33,7.5,10,10,10,7.33,81.92,0.12
7.67,7.33,7.33,7.58,7.33,7.33,10,10,10,7.33,81.92,0.09
7.42,7.5,7.25,7.5,7.33,7.42,10,10,10,7.42,81.83,0.1
7.25,7.33,7.5,7.33,7.67,7.42,10,10,10,7.33,81.83,0
7.42,7.5,7.42,7.5,7.42,7.25,10,10,10,7.33,81.83,0.11
7.75,7.83,7.58,7.75,7.92,7.83,10,10,10,5.17,81.83,0.11
7.58,7.5,7.33,7.42,7.58,7.25,10,10,10,7.17,81.83,0.1
7.17,7.58,6.83,7.5,7.75,7.25,10,10,10,7.75,81.83,0
7.58,7,6.92,6.92,7.67,7.5,10,10,10,8.25,81.83,0
7.33,7.58,7.5,7.42,7.33,7.33,10,10,10,7.33,81.83,0
7.58,7.5,7.33,7.5,7.17,7.33,10,10,10,7.42,81.83,0.11
7.5,7.5,7.33,7.5,7.42,7.25,10,10,10,7.33,81.83,0.12
7.67,7.5,7.5,7.25,7.08,7.42,10,10,10,7.42,81.83,0.09
7.67,7.33,7.17,7.25,7.75,7.33,10,10,10,7.33,81.83,0
7.42,7.42,7.42,7.33,7.42,7.42,10,10,10,7.42,81.83,0.11
7.58,7.42,7.33,7.33,7.33,7.42,10,10,10,7.42,81.83,0.13
7.33,7.58,7.25,7.17,7.83,7.33,10,10,10,7.33,81.83,0.11
7.5,7.5,7.33,7.33,7.33,7.33,10,10,10,7.5,81.83,0.1
7.42,7.42,7.25,7.5,7.33,7.42,10,10,10,7.5,81.83,0.11
7.5,7.5,7,7.42,7.5,7.58,10,10,10,7.33,81.83,0
7.83,7.83,7.83,8,7.83,7.83,10,6.67,10,8,81.83,0
7.75,7.75,7.5,7.42,7.83,7.75,9.33,9.33,9.33,7.83,81.83,0.12
7.83,7.67,7.33,7.33,7.67,7.83,9.33,10,9.33,7.5,81.83,0.11
7.83,7.33,7.25,7.58,7.25,7.33,10,10,10,7.25,81.83,0.12
7.33,7.33,7.25,7.5,7.5,7.5,10,10,10,7.42,81.83,0.12
7.33,7.67,7.25,7.5,7.5,7.25,10,10,10,7.33,81.83,0.02
7.58,7.5,7.17,7.58,7.33,7.33,10,10,10,7.33,81.83,0.05
7.25,7.58,7.83,7.67,7.75,7.75,9.33,9.33,10,7.33,81.83,0.02
7.5,7.5,7.25,7.42,7.42,7.33,10,10,10,7.33,81.75,0.11
7,7.08,7.33,7.5,7.5,7.33,10,10,10,8,81.75,0.12
7.42,7.42,7.42,7.42,7.33,7.33,10,10,10,7.42,81.75,0.12
7.17,7.25,7.17,7.25,7.42,8.25,10,10,10,7.25,81.75,0.1
7.5,7.5,7.33,7.42,7.25,7.25,10,10,10,7.5,81.75,0.13
7.42,7.5,7.17,7.67,7.33,7.42,10,10,10,7.25,81.75,0.13
7.42,7.5,7.33,7.58,7.33,7.33,10,10,10,7.25,81.75,0.11
7.33,7.42,7.33,7.67,7.42,7.25,10,10,10,7.33,81.75,0.12
7.5,7.42,7.25,7.33,7.67,7.25,10,10,10,7.33,81.75,0.12
7.33,7.42,7.33,7.33,7.5,7.67,10,10,10,7.17,81.75,0
7.42,7.58,6.92,7.08,7.25,8,10,10,10,7.5,81.75,0.08
7.42,7.5,7.25,7.5,7.5,7.25,10,10,10,7.25,81.67,0.11
7.42,7.42,7.08,7.42,7.33,7.42,10,10,10,7.58,81.67,0.1
7.42,7.33,7.17,7.67,7.33,7.42,10,10,10,7.33,81.67,0.12
7.58,7.5,7.33,7.33,7.42,7.25,10,10,10,7.25,81.67,0.11
7.17,7.33,7.33,7.42,7.5,7.33,10,10,10,7.58,81.67,0
7.58,7.5,7.25,7.25,7.5,7.25,10,10,10,7.33,81.67,0.1
7.75,7.75,7.75,7.67,5.25,7.83,10,10,10,7.67,81.67,0
7.25,7.75,6.92,7.42,7.5,7.58,10,10,10,7.25,81.67,0
7.42,7.33,7.25,7.42,7.5,7.42,10,10,10,7.33,81.67,0.12
7.33,7.33,7.5,7.25,7.42,7.33,10,10,10,7.5,81.67,0.12
7.25,7.42,7.25,7.5,7.5,7.42,10,10,10,7.33,81.67,0.1
7.17,7.42,7.33,7.42,7.33,7.42,10,10,10,7.58,81.67,0.11
7.5,7.33,7.5,7.5,7.17,7.17,10,10,10,7.5,81.67,0.1
7.5,7.17,7.17,7.17,7.5,7.08,10,10,10,8.08,81.67,0.11
7.42,7.42,7.67,8,7.58,7.5,9.33,9.33,10,7.42,81.67,0
7.5,7.5,7.5,7.25,7.42,7.25,10,10,10,7.25,81.67,0.11
7.58,7.42,7.33,7.42,7.33,7.33,10,10,10,7.25,81.67,0.11
7.5,7.42,7.08,7.58,7.33,7.33,10,10,10,7.42,81.67,0.12
7.5,7.67,7.33,7.33,7.33,7.33,10,10,10,7.17,81.67,0.11
7.25,7.67,7.58,7.67,7.67,7.58,8.67,10,10,7.58,81.67,0.13
7.67,7.25,7.17,7.75,7.5,7.25,10,10,10,7.08,81.67,0.11
7.5,7.42,7.33,7.42,7.42,7.42,10,10,10,7.17,81.67,0.11
7.58,7.42,7.25,7.58,7.25,7.17,10,10,10,7.42,81.67,0.11
7.75,7.58,7.25,7.17,7.58,7.33,9.33,10,10,7.67,81.67,0.11
7.42,7.33,7.33,7.33,7.17,7.83,10,10,10,7.25,81.67,0.1
7.5,7.42,7.08,7.42,7.5,7.33,10,10,10,7.33,81.58,0.11
7.42,7.42,7.08,7.5,7.42,7.33,10,10,10,7.42,81.58,0.12
7.42,7.42,7.25,7.67,7.33,7.25,10,10,10,7.25,81.58,0.1
7.58,7.42,7.5,7.17,7.08,7.58,10,10,10,7.25,81.58,0.12
7.42,7.42,7.33,7.42,7.42,7.33,10,10,10,7.25,81.58,0.12
7.42,7.42,7.17,7.58,7.33,7.33,10,10,10,7.33,81.58,0.13
7.33,7.17,7.08,7.08,8.33,8.25,10,10,9.33,7,81.58,0
7.42,7.42,7.33,7.33,7.5,7.25,10,10,10,7.33,81.58,0.12
7.42,7.33,7.17,7.58,7.42,7.5,10,10,10,7.17,81.58,0.12
7.67,7.5,7.42,7.5,6.75,7.42,10,10,10,7.33,81.58,0.12
7.33,7.5,7.25,7.5,7.5,7.17,10,10,10,7.33,81.58,0.11
7.67,7.58,7.42,7.58,7.58,7.42,10,10,8.67,7.67,81.58,0.11
7.08,7.33,7.58,7.58,7.17,7.5,10,10,10,7.33,81.58,0.01
7.33,7.33,7.17,7.5,7.58,7.33,10,10,10,7.33,81.58,0.2
7.25,7.17,7.33,7.33,7.5,7.75,10,10,10,7.25,81.58,0
7.67,7.58,7.17,7.42,7.33,7.42,9.33,10,10,7.58,81.5,0.1
7.5,7.42,7.33,7.33,7.25,7.33,10,10,10,7.33,81.5,0.11
7.5,7.5,7.33,7.42,7.17,7.25,10,10,10,7.33,81.5,0.1
7.5,7.42,7.25,7.25,7.5,7.25,10,10,10,7.33,81.5,0.12
7.5,7.42,7.33,7.08,7.58,7.25,10,10,10,7.33,81.5,0.12
7.25,7.42,7.25,7.5,7.33,7.33,10,10,10,7.42,81.5,0
7.83,7.33,7.08,7.08,7.33,7.5,10,10,10,7.33,81.5,0.12
7.67,7.42,6.92,7.5,7.5,7.17,10,10,10,7.33,81.5,0.12
7.5,7.42,7.17,7.58,7.25,7.42,10,10,10,7.17,81.5,0.12
7.42,7.33,7.67,7.33,7.42,7.5,10,10,9.33,7.5,81.5,0.11
7.58,7.5,7.5,7.67,7.67,7.83,9.33,9.33,9.33,7.75,81.5,0
7.42,7.33,7.25,7.42,7.42,7.33,10,10,10,7.33,81.5,0.11
7.5,7.42,7.25,7.25,7.33,7.33,10,10,10,7.42,81.5,0.11
7.33,7.33,7.17,7.42,7.5,7.5,10,10,10,7.25,81.5,0.13
7.58,7.42,7.25,7.42,7.33,7.33,10,10,10,7.17,81.5,0.12
7.42,7.25,7.17,7.42,7.17,8,10,10,10,7.08,81.5,0.12
7.33,7.5,7.33,7.33,7.33,7.42,10,10,10,7.25,81.5,0.11
7.42,7.42,7.33,7.17,7.25,7.42,10,10,10,7.5,81.5,0.13
7.5,7.5,7.25,7.5,7.42,7.58,9.33,10,10,7.42,81.5,0.11
7.75,7.17,7.17,7.33,7.58,7.33,10,10,10,7.17,81.5,0.12
7.5,7.42,7.17,7.42,7.5,7.33,10,10,10,7.17,81.5,0.12
7.33,7.5,7.33,7.42,7.17,7.33,10,10,10,7.42,81.5,0.11
7.42,7.42,7.17,7.42,7.42,7.33,10,10,10,7.33,81.5,0.06
7.33,7.33,7.33,7.5,7.5,7.83,9.33,10,10,7.33,81.5,0
7.58,7.33,7.08,7.33,7.5,7.33,10,10,10,7.25,81.42,0.12
7.42,7.33,7.08,7.58,7.33,7.25,10,10,10,7.42,81.42,0.1
7.33,7.5,7.5,7.33,6.83,7.42,10,10,10,7.5,81.42,0.11
7.5,7.33,7.17,7.25,7.5,7.42,10,10,10,7.25,81.42,0.12
7.83,7.75,7.42,7.17,7.08,7.08,10,10,10,7.08,81.42,0.12
7.58,7.17,7.33,7.42,7.08,7.42,10,10,10,7.42,81.42,0.12
7.25,7.5,7.42,7.17,7.33,7.33,10,10,10,7.42,81.42,0
7.42,7.5,7.17,7.42,7.42,7.42,10,10,10,7.08,81.42,0.1
7.67,7.33,7.25,7.17,7.25,7.42,10,10,10,7.33,81.42,0
7.42,7.42,7.17,7.33,7.42,7.42,10,10,10,7.25,81.42,0.1
7.42,7.33,7.25,7.42,7.42,7.5,10,10,10,7.08,81.42,0.12
7.42,7.33,7.25,7.17,7.25,7.42,10,10,10,7.58,81.42,0.13
7.42,7.42,7.25,7.25,7.5,7.33,10,10,10,7.25,81.42,0.13
7.5,7.42,7.25,7.17,7.17,7.75,10,10,10,7.17,81.42,0.11
7.75,7.33,7.42,7,7.33,7.25,10,10,10,7.33,81.42,0.16
7.83,7,7,7.58,7.58,7.5,10,10,10,6.92,81.42,0.01
7.5,7.33,7.33,7.17,7.33,7.42,10,10,10,7.25,81.33,0
7.5,7.5,7,7.17,7.5,7.33,10,10,10,7.33,81.33,0.11
7.67,7.42,7,7.42,7.58,7.08,10,10,10,7.17,81.33,0.12
7.25,7.33,7.33,7.33,7.33,7.42,10,10,10,7.33,81.33,0.11
7.58,7.42,7.17,7.42,7.17,7.17,10,10,10,7.42,81.33,0.09
7.17,7.33,7.42,7.25,7.42,7.33,10,10,10,7.42,81.33,0.12
7.08,7.33,7.42,7.33,7.33,7.5,10,10,10,7.33,81.33,0.14
7.75,7.33,7.08,7.33,7.33,7.25,10,10,10,7.25,81.33,0.13
7.33,7.33,7.17,7.33,7.5,7.33,10,10,10,7.33,81.33,0.12
7.58,7.42,7.25,7.33,7.25,7.25,10,10,10,7.25,81.33,0.13
7.33,7.25,7.17,7.42,7.58,7.33,10,10,10,7.25,81.33,0.12
7.5,7.58,7.5,7.5,7.75,7.83,9.33,9.33,9.33,7.58,81.33,0.11
7.83,7.75,7.67,7.83,7.83,7.75,9.33,10,10,5.25,81.25,0.12
7.17,7.42,7.17,7.08,6.92,8.17,10,10,10,7.33,81.25,0
7.08,7.5,7.33,7.17,7.42,7.25,10,10,10,7.5,81.25,0.1
7.42,7.17,7.17,7.5,7.33,7.25,10,10,10,7.42,81.25,0.12
7.33,7.42,7.17,7.25,7.42,7.33,10,10,10,7.33,81.25,0.09
7.33,7.17,7.17,7.5,7.25,7.42,10,10,10,7.42,81.25,0.13
7.5,7.5,7.25,7.25,7.25,7.25,10,10,10,7.25,81.25,0.11
7.5,7.33,7.5,7.58,7,7.25,10,10,10,7.08,81.25,0.11
7.42,7.42,7.33,7.33,7.5,7.42,9.33,10,10,7.5,81.25,0.12
7.33,7.5,7.17,7.17,7.58,7.17,10,10,10,7.25,81.17,0.09
7.67,7.17,7.17,7.33,7.5,7.17,10,10,10,7.17,81.17,0.12
7.75,7.58,7.08,7.25,7.08,7.25,10,10,10,7.17,81.17,0.12
7.5,7.5,7.33,7.17,7.08,7.17,10,10,10,7.42,81.17,0.11
7.42,7.33,7,7.42,7.33,7.33,10,10,10,7.33,81.17,0.13
6.83,7.42,7.42,7.17,7.5,7.42,10,10,10,7.42,81.17,0.12
7.25,7.25,7.25,7.08,7.58,7.5,10,10,10,7.25,81.17,0
7.58,7.17,7.17,7.33,7.33,7.25,10,10,10,7.33,81.17,0.12
7.58,7.25,7.33,7.08,7.33,7.33,10,10,10,7.25,81.17,0.12
7.33,7.08,7.33,7.25,7.33,7.58,10,10,10,7.25,81.17,0.11
7.42,7.42,7.17,7.42,7.33,7.25,10,10,10,7.17,81.17,0.11
7.42,7.25,7.08,7.75,7.42,7.17,10,10,10,7.08,81.17,0.13
7.42,7.25,7.33,7.25,7.25,7.42,10,10,10,7.25,81.17,0.12
7.42,7.33,7.25,7.42,7.5,7.17,10,10,10,7.08,81.17,0.12
7.25,7.75,7.67,7.67,7.42,7.67,8.67,9.33,10,7.75,81.17,0.04
7.42,7.33,7.17,7.33,7.42,7.17,10,10,10,7.25,81.08,0.11
7.58,7.42,7.5,7.25,7.75,7.58,9.33,10,9.33,7.33,81.08,0.11
7.33,7.33,7.33,7.42,7.33,7.33,10,10,10,7,81.08,0.11
7.42,7.17,7.33,7.42,7.25,7.33,10,10,10,7.17,81.08,0
7.42,7.33,7.33,7.25,7.25,7.33,10,10,10,7.17,81.08,0.13
7.42,7.25,7.17,7.25,7.25,7.58,10,10,10,7.17,81.08,0.13
7.67,7.75,7.67,7.58,7.58,7.67,6.67,10,10,8.5,81.08,0
7.25,7.42,7.33,7.33,7.17,7.33,10,10,10,7.25,81.08,0.13
7.33,7.25,7.33,7.42,7.25,7.42,10,10,10,7.08,81.08,0.12
7.33,7.33,7.25,7.42,7.25,7.25,10,10,10,7.25,81.08,0.11
7.42,7.33,7.25,7.42,7.17,7.25,10,10,10,7.25,81.08,0.1
7.42,7.42,7.25,7.58,6.92,7.17,10,10,10,7.33,81.08,0.06
7.25,7.25,7.17,7.5,7.33,7.17,10,10,10,7.33,81,0.11
7.42,7.08,7.08,7.33,7.25,7.58,10,10,10,7.25,81,0
7.33,7.17,7.17,7.67,7.33,7.17,10,10,10,7.17,81,0.11
7.42,7.25,7.17,7.5,7.25,7.17,10,10,10,7.25,81,0.09
7.67,7.5,7.42,5.25,7.67,7.75,10,10,10,7.75,81,0
7.5,7.25,7,7.25,7.5,7.25,10,10,10,7.25,81,0.11
7.25,7.17,7.17,7.25,7.5,7.33,10,10,10,7.33,81,0.12
7.42,7.25,7.25,7.33,7.25,7.17,10,10,10,7.33,81,0.12
7.67,7.75,7.83,7.75,7.83,7.75,10,6.67,10,7.75,81,0.12
7.33,7.33,7.08,7.42,7.17,7.33,10,10,10,7.33,81,0.12
7.33,6.92,7.17,7.33,7.42,7.42,10,10,10,7.42,81,0.12
7.5,6.92,7.33,7.33,7.33,7.33,10,10,10,7.25,81,0.11
7.33,7.42,7.25,7.42,7.25,7.17,10,10,10,7.17,81,0
7.08,7.33,7.33,7.33,7.42,7.25,10,10,10,7.25,81,0.12
7.58,7.67,7.5,7.67,7.58,7.5,8,10,10,7.5,81,0
7.33,7.17,7.25,7.33,7.33,7.25,10,10,10,7.25,80.92,0
7.67,7.67,7.33,7.58,7.67,7.5,9.33,9.33,9.33,7.5,80.92,0.1
7.17,7.58,7.5,7.5,8,7.75,10,10,10,5.42,80.92,0.11
7.5,7.33,7.17,7.42,7.5,7.33,9.33,10,10,7.33,80.92,0.11
7.17,7.42,7,7.58,7.33,7,10,10,10,7.42,80.92,0
7.42,7.08,7.17,7.17,7.58,7.25,10,10,10,7.25,80.92,0.1
7.33,7.17,7.17,7.25,7.42,7.33,10,10,10,7.25,80.92,0.12
7.25,7.33,7.25,7.25,7.25,7.33,10,10,10,7.25,80.92,0.12
7.92,7.67,7.33,7.08,7.08,7.08,10,10,10,6.75,80.92,0.09
7.17,7.42,7.17,7.25,7.25,7.33,10,10,10,7.33,80.92,0.1
7.33,7.08,7.25,7,7.5,7.42,10,10,10,7.33,80.92,0.1
7.58,7.42,6.92,7.5,7.25,7.17,10,10,10,7.08,80.92,0.12
7.42,7.25,7.25,7.25,7.25,7.25,10,10,10,7.25,80.92,0.11
7.25,7.17,7.08,7.08,7.08,8.08,10,10,10,7.17,80.92,0.11
7.42,7.25,7.25,7.25,7.25,7.25,10,10,10,7.25,80.92,0.11
7.58,7.33,7.08,7.5,7.17,7.25,10,10,10,7,80.92,0.13
7.67,7.58,7.33,7.33,7.17,7,10,10,10,6.83,80.92,0
7.42,7.33,7.17,7.17,7.17,7.25,10,10,10,7.33,80.83,0
7.67,7.25,7.08,7.33,7.17,7.25,10,10,10,7.08,80.83,0.11
7.17,7.08,7.25,7.42,7.25,7.33,10,10,10,7.33,80.83,0.13
7.33,7.25,7.33,7.33,7.25,7.17,10,10,10,7.17,80.83,0.11
7.5,7.17,7.33,7.25,7.17,7.17,10,10,10,7.25,80.83,0.13
7.42,7.33,7,7.25,7.33,7.5,10,10,10,7,80.83,0.1
7.33,7.33,7,6.83,7.33,7.67,10,10,10,7.33,80.83,0.01
7.17,7.25,7.08,7.17,7.25,7.58,10,10,10,7.25,80.75,0
6.92,7.5,7,7.58,7.5,7.08,10,10,10,7.17,80.75,0
7.5,7.33,7,7.42,7.17,7.17,10,10,10,7.17,80.75,0.12
7.25,7.25,7.17,7.25,7.33,7.25,10,10,10,7.25,80.75,0.12
7.5,7.33,7,7.42,7.25,7.17,10,10,10,7.08,80.75,0.11
7.25,7.33,7.17,7.33,7.33,7.17,10,10,10,7.17,80.75,0.11
7.42,7.17,7.08,7.42,7.25,7.25,10,10,10,7.17,80.75,0.09
7.25,7.33,7.08,7.5,7.25,7.33,10,10,10,7,80.75,0.13
7.33,7.33,7.25,7.25,7.17,7.17,10,10,10,7.25,80.75,0.11
7.58,7.33,7.42,7.25,7.5,7.5,9.33,9.33,10,7.5,80.75,0.11
7.42,7,7.42,7.25,7.08,7.33,10,10,10,7.25,80.75,0.12
7.08,7.33,7.17,7.25,7.33,7.67,10,10,10,6.92,80.75,0.13
7.33,7.08,7.08,7.08,7.42,7.33,10,10,10,7.33,80.67,0
7.58,7.42,7,7.67,7.5,7.5,9.33,9.33,10,7.33,80.67,0.13
7.67,7.42,6.83,7.17,7.42,7.17,10,10,10,7,80.67,0.11
7.83,7.5,7.67,7.67,7.83,7.5,6.67,10,10,8,80.67,0.11
7.5,7.25,7.17,7.17,7.25,7.17,10,10,10,7.17,80.67,0.12
7.25,7.17,7.17,7.25,7.17,7.42,10,10,10,7.25,80.67,0.12
7.67,7.5,7.42,7.67,7.5,7.75,10,10,6.67,8.5,80.67,0
7.67,7.17,7,7.5,7,7,10,10,10,7.33,80.67,0.12
7,7.33,7.5,7.33,7,7.33,10,10,10,7.17,80.67,0.11
7,7.5,7.33,7.17,7.17,7.17,10,10,10,7.33,80.67,0.11
7.17,7.25,7.08,7.42,7.08,7.42,10,10,10,7.25,80.67,0.18
7.33,7.25,7.33,7.08,7.58,7.25,9.33,10,10,7.42,80.58,0.11
7.08,7.5,7,7.25,7.42,7,10,10,10,7.33,80.58,0.11
7.25,7.08,7.08,7.33,7.33,7.25,10,10,10,7.25,80.58,0.12
7.42,7.25,7.33,7,7.08,7.25,10,10,10,7.25,80.58,0
7.5,7.17,7,7.42,7.33,7,10,10,10,7.17,80.58,0.11
7.17,7.42,6.83,7.5,7.17,7.25,10,10,10,7.25,80.58,0.11
7.42,7.58,7.5,7.92,7.83,7.83,8.67,8.67,9.33,7.83,80.58,0
7.08,7.25,7,7.5,7.08,7.33,10,10,10,7.33,80.58,0
7.17,7.17,7.17,7.42,7.17,7.25,10,10,10,7.17,80.5,0
7.33,7.25,7.08,7.17,7.25,7.17,10,10,10,7.25,80.5,0.1
7.58,7.33,7,7.17,7.33,7.08,10,10,10,7,80.5,0.11
7.25,7.25,7.17,7.17,7.25,7.17,10,10,10,7.25,80.5,0.12
7.25,7.33,7.17,7.5,7.33,7.25,9.33,10,10,7.33,80.5,0.11
7.17,7.33,7.17,7.42,7.25,7.08,10,10,10,7.08,80.5,0
7.5,7.17,6.83,7.5,7.17,7.17,10,10,10,7.17,80.5,0.11
7.42,7.42,7.08,7.33,7.67,7.5,9.33,9.33,10,7.42,80.5,0.1
7.42,7.33,7.33,7.58,7.58,7.42,8.67,10,10,7.17,80.5,0.11
7.5,7.5,7,7.67,7.17,7,10,10,10,6.67,80.5,0.12
7.25,7.25,7.08,7.33,7.25,7.17,10,10,10,7.17,80.5,0.15
7.25,7.42,7,7.42,7.33,7,10,10,10,7,80.42,0.1
7.58,7.17,7.17,7.17,7.17,7.17,10,10,10,7,80.42,0.14
7.33,7.17,7.08,7.08,7.33,7.17,10,10,10,7.25,80.42,0
7.25,7.08,7.25,7.17,7.33,7.17,10,10,10,7.17,80.42,0.17
7.25,7.25,7.17,7.25,7.25,7.25,10,10,10,7,80.42,0.11
6.92,7.17,7.08,7.5,7.33,7.17,10,10,10,7.25,80.42,0.1
7.42,7.08,7.08,7.33,7.25,7.17,10,10,10,7.08,80.42,0.12
7.08,7.25,7.17,7.33,7.08,7.08,10,10,10,7.33,80.33,0.12
7.25,7.17,7,7.25,7.42,7.08,10,10,10,7.17,80.33,0.13
7.25,7.17,7.25,7.25,7.25,7.08,10,10,10,7.08,80.33,0.12
7.25,7.25,7.08,7.25,7.25,7.25,10,10,10,7,80.33,0.11
7.33,7.33,6.83,7.5,7,7.17,10,10,10,7.17,80.33,0.11
7.25,7.08,7.08,7.33,7.33,7.17,10,10,10,7.08,80.33,0.11
7.17,7.5,6.92,7.33,7.67,7.33,9.33,10,10,7.08,80.33,0.12
7.25,7.25,7.25,7.33,7.5,8,9.33,9.33,10,7.08,80.33,0.1
7.17,7.33,7.42,7.08,7,7,10,10,10,7.25,80.25,0.11
7.25,7.25,7,7,7.42,7,10,10,10,7.33,80.25,0.1
7.25,7.17,7,7.33,7.33,7,10,10,10,7.17,80.25,0.1
8,7.08,7,7.33,7.08,6.92,10,10,10,6.83,80.25,0.11
7.42,7,7.08,7,7.17,7.33,10,10,10,7.25,80.25,0
7.08,6.92,7,7.25,7.5,7.25,10,10,10,7.25,80.25,0.11
7.5,7.08,7.67,7.67,7.42,7.58,9.33,9.33,9.33,7.33,80.25,0.12
7.42,8,7.83,7.75,8.08,7.58,8.67,8.67,8.67,7.58,80.25,0.1
7.25,7.08,7.25,7.25,7.17,7.25,10,10,10,7,80.25,0.11
7,7.17,7.33,7.33,7,7.17,10,10,10,7.25,80.25,0.11
7.58,7.33,7.17,7.25,6.75,7,10,10,10,7.17,80.25,0.11
7.42,7.25,7.25,7.58,7.42,7.33,8.67,10,10,7.25,80.17,0
7.17,7.08,7.08,7.33,7.25,7.08,10,10,10,7.17,80.17,0.11
7.25,7.25,7,7.17,7.08,7.08,10,10,10,7.33,80.17,0.11
7.33,7.33,7,7.17,7.17,7.17,10,10,10,7,80.17,0.11
7.33,7.08,6.92,7.42,7.25,7.08,10,10,10,7.08,80.17,0.11
7.58,7.42,7.33,7.5,7.08,7.17,8.67,10,10,7.42,80.17,0.14
7.33,7.33,7.17,7.08,7.25,7,10,10,10,7,80.17,0.12
7.33,7.33,7,7.33,7,7,10,10,10,7.17,80.17,0.11
7.58,7.5,7.33,7.33,7.67,7.33,9.33,9.33,9.33,7.42,80.17,0.05
7.17,7.17,7,7.17,7.25,7.25,10,10,10,7.08,80.08,0.11
7.42,7.25,7.25,7.17,7,7,10,10,10,7,80.08,0.07
7.25,7.17,6.92,7.25,7.17,7.25,10,10,10,7.08,80.08,0.1
7.25,7.25,7.25,7.25,7.08,7,10,10,10,7,80.08,0.11
7.25,7.25,7.25,7,7.25,7.08,10,10,10,7,80.08,0.11
7.25,7.25,7.25,7.08,7.17,7.08,10,10,10,7,80.08,0.11
7.33,7.17,7.25,7.08,7.08,7.08,10,10,10,7.08,80.08,0.15
7.25,7.08,7,7.17,7.33,7.17,10,10,10,7.08,80.08,0.14
7.33,7.08,6.92,7.08,7.42,7.17,10,10,10,7,80,0.1
7.17,7.33,7,7.42,7.17,7,10,10,10,6.92,80,0
7.58,7.75,7.42,7.5,7.5,7.5,8.67,8.67,10,7.42,80,0
7.25,7.25,7.25,7,7.25,7,10,10,10,7,80,0.11
7.33,6.67,7.08,7.42,7.42,7.08,10,10,10,7,80,0
7.25,7.25,7.08,7.17,7.33,7.33,9.33,10,10,7.25,80,0.12
7.08,7.33,7,7.33,7.08,7,10,10,10,7.17,80,0.11
7.42,7.42,7.5,7.92,7.75,7.58,8.67,9.33,8.67,7.75,80,0.05
7.83,7.67,7.58,7.75,7.83,7.17,6.67,10,10,7.42,79.92,0
7.5,7,7,6.92,7.33,7.17,10,10,10,7,79.92,0.11
7.33,7.08,7.08,7.33,7.42,7.17,9.33,10,10,7.17,79.92,0.12
7.17,7.17,6.92,7.25,7.33,7.08,10,10,10,7,79.92,0.12
7.5,7.17,7,7.17,7.25,7.08,10,10,10,6.75,79.92,0
7.17,7.08,7.08,7.08,7.5,7.33,9.33,10,10,7.33,79.92,0.11
7.33,7.25,7,7.42,7.17,7.17,9.33,10,10,7.25,79.92,0.12
7.17,7.33,7.08,7.58,7.33,7.08,10,9.33,10,7,79.92,0.11
7.5,7.42,7.58,7.42,7.5,7.58,8.67,8.67,10,7.58,79.92,0.05
7,7.08,7,7.17,7.25,7.25,10,10,10,7.08,79.83,0.11
7.33,7.25,6.92,7.33,7.25,7.33,9.33,10,10,7.08,79.83,0.1
6.83,7.17,7.17,6.92,7.5,7.08,10,10,10,7.17,79.83,0.11
7.17,7.08,7,7.25,7.5,7,10,10,10,6.83,79.83,0.12
7.58,7.08,6.83,7.17,7.5,7.17,9.33,10,10,7.17,79.83,0.12
7.5,7.42,7.25,7.58,7.33,7.42,9.33,9.33,9.33,7.25,79.75,0.1
7.75,7.33,7.17,7.33,7.67,7.83,9.33,9.33,8.67,7.33,79.75,0
7.08,7.08,7.25,7,7.17,7.17,10,10,10,7,79.75,0.1
7.25,7.08,6.92,7.5,7.08,6.92,10,10,10,7,79.75,0.12
7,7.08,7,7.25,7.5,7.42,9.33,10,10,7.17,79.75,0.12
7.58,7.5,7.67,7.75,7.67,7.58,8,8,10,8,79.75,0.1
7.58,7.08,7,7,7.5,6.92,10,10,10,6.67,79.75,0.12
7.58,7.08,6.92,7.58,7.5,6.92,10,9.33,10,6.83,79.75,0.13
7.25,7.08,7,7.17,7.17,7.08,10,10,10,7,79.75,0.12
7.25,7.17,7.17,7.08,7.17,7,10,10,10,6.92,79.75,0.14
7.33,7.25,7,7.08,7.08,7,10,10,10,7,79.75,0.1
7.58,7.33,7.5,7.33,7,7.33,9.33,9.33,9.33,7.67,79.75,0
7.25,6.83,6.92,7.08,7.25,7.08,10,10,10,7.33,79.75,0.12
7.42,7.42,7.25,7.58,7.42,7.33,9.33,9.33,9.33,7.25,79.67,0.1
7.25,7.08,7,6.83,7.33,7.17,10,10,10,7,79.67,0
6.92,7.17,6.83,7.42,7.17,7.08,10,10,10,7.08,79.67,0.12
7.5,7,6.83,7.08,7.08,7.17,10,10,10,7,79.67,0.11
7.42,7.25,6.83,7.58,7.17,6.58,10,10,10,6.83,79.67,0.12
7.33,7.17,7,6.75,7.08,7,10,10,10,7.33,79.67,0.13
6.92,7.17,7.17,7.17,7.08,7.08,10,10,10,7.08,79.67,0
7.17,7.17,7,7,7.25,6.92,10,10,10,7.17,79.67,0
7.08,7,6.92,7.33,7.25,7.08,10,10,10,6.92,79.58,0.12
7.25,6.92,6.92,7.33,7.25,7,10,10,10,6.92,79.58,0.13
7.25,7.17,7,6.75,7.17,7.33,10,10,10,6.92,79.58,0.1
7.08,7,6.83,7.33,7.25,7,10,10,10,7.08,79.58,0.17
6.92,6.92,7,7.42,7.25,7,10,10,10,7,79.5,0.12
6.92,7,7.17,7,7.42,7,10,10,10,7,79.5,0
7.83,7.5,7.42,7.42,7.67,7.5,10,6.67,10,7.5,79.5,0
7.25,7.08,6.92,7.25,7.58,7.08,9.33,10,10,7,79.5,0.12
7.25,7.33,7,7.25,7.17,7.17,9.33,10,10,7,79.5,0.12
7.08,7.33,7.25,7.58,7.33,7.42,9.33,9.33,9.33,7.42,79.42,0.1
7.25,7.33,6.83,7,7,7.17,10,10,10,6.83,79.42,0.1
7,6.83,6.83,7.42,7.33,7.17,10,10,10,6.83,79.42,0.13
7.42,7.25,6.83,7,7.33,7.08,9.33,10,10,7.08,79.33,0.13
7.42,7.25,6.75,7.25,7.42,7.25,9.33,9.33,10,7.33,79.33,0
7,7,6.83,7.33,7.42,6.92,10,10,10,6.83,79.33,0.14
7.42,7.17,7.08,7.17,7.08,7.08,9.33,10,10,7,79.33,0.14
7.17,6.5,6.33,7.25,7.58,7.33,10,10,10,7.17,79.33,0.11
7.08,6.83,6.83,7.25,7.42,7.08,10,10,10,6.75,79.25,0.11
7,7,6.92,7.17,7.17,7.08,10,10,10,6.92,79.25,0.13
7.33,7.42,7.33,7.42,7.5,7.42,8.67,9.33,9.33,7.42,79.17,0.1
7.58,7,6.75,6.92,7,6.92,10,10,10,7,79.17,0.11
7.08,7,6.92,7.42,7,6.92,10,10,10,6.83,79.17,0.11
7.25,7.17,6.75,7.25,7,6.92,10,10,10,6.83,79.17,0.11
7.17,7.42,7.5,8,7.25,7.83,10,10,6.67,7.33,79.17,0.1
7.25,7.08,6.92,7.08,7.17,7.17,9.33,10,10,7.17,79.17,0.14
7.17,6.92,6.92,7.08,7.17,7,10,10,10,6.92,79.17,0.14
6.75,6.75,6.83,7.25,7.58,7.08,10,10,10,6.92,79.17,0.01
7.58,7.67,7.42,7.42,7.67,7.67,8.67,8.67,8.67,7.67,79.08,0.1
7.42,7.08,6.75,7.33,7.33,6.92,10,9.33,10,6.92,79.08,0.13
7.33,7,6.92,7.25,7.33,7.08,9.33,10,10,6.83,79.08,0.16
7.25,7.08,6.75,7.33,7.42,7,9.33,10,10,6.92,79.08,0.11
7.17,7.25,7.25,7.17,7.25,7.08,9.33,9.33,10,7.25,79.08,0.1
6.75,6.75,6.42,6.83,7.58,7.5,10,10,10,7.25,79.08,0.1
7.33,7.17,6.58,7.42,7.08,6.83,10,10,10,6.58,79,0.12
7,7,7,7,7,7,10,10,10,7,79,0.11
7.67,7.17,7.08,7.25,8,7.5,8.67,9.33,9.33,7,79,0
6.75,7.08,6.67,7.25,7.17,7.08,10,10,10,7,79,0.12
7.5,7.17,6.92,7.5,7.25,7,8.67,10,10,7,79,0.14
7.17,6.83,6.83,7.25,7.17,6.92,10,10,10,6.83,79,0.14
7.33,7,6.75,7.08,7.17,7.25,9.33,10,10,7,78.92,0.12
7.5,7,6.92,7.08,6.92,6.75,10,10,10,6.75,78.92,0.16
7.17,7,6.92,7,7,7,10,10,10,6.75,78.83,0.1
7.5,6.92,6.92,7.25,7.58,7.42,9.33,9.33,9.33,7.17,78.75,0.12
7.33,7.08,6.33,7.25,7,7,10,10,10,6.75,78.75,0.12
7.25,6.83,6.83,7,7.17,7,10,10,10,6.67,78.75,0.14
7.25,7.33,7.17,7.25,7.08,7,8.67,10,10,7,78.75,0.14
7.67,7.17,6.83,7.33,7.58,7.17,9.33,10,8.67,7,78.75,0.12
7,6.92,6.83,7.17,7.17,7.17,10,10,9.33,7.08,78.67,0
6.92,6.92,6.67,7.25,7.17,6.92,10,10,10,6.83,78.67,0.13
7.08,7,6.75,6.83,7.08,6.92,10,10,10,6.92,78.58,0.1
6.83,7.08,6.92,6.75,7.25,7.08,10,10,10,6.67,78.58,0.11
7.33,7.17,6.92,7.58,7.25,7.17,8.67,9.33,10,7.17,78.58,0.12
6.83,6.75,7.17,7.25,7,6.92,10,10,10,6.67,78.58,0.1
7,7,6.75,7.33,6.92,6.92,10,10,10,6.67,78.58,0.13
7.92,7.58,7.58,7.92,7.92,7.5,8,6.67,10,7.5,78.58,0.1
7.92,6.83,7.08,7.42,6.75,7.33,8.67,9.33,10,7.25,78.58,0
7.25,6.75,6.92,6.92,7.25,7.58,9.33,9.33,10,7.17,78.5,0
7.08,6.83,6.83,7,7,6.92,10,10,10,6.83,78.5,0.12
7.25,7.17,7,6.83,7.58,7.08,8.67,10,10,6.92,78.5,0.13
6.83,7,6.92,7.08,6.92,6.83,10,10,10,6.83,78.42,0.12
7.58,7.17,7,7.17,7.33,7,8,10,10,7.17,78.42,0.14
7.5,7.75,7.58,7.83,7.92,7.92,7.33,8,8.67,7.83,78.33,0.1
7.17,6.5,6.67,7,7.17,7.17,10,10,10,6.67,78.33,0.1
7.17,7.17,6.5,7.17,7,6.83,10,10,10,6.5,78.33,0.11
7.25,7.25,7,7.5,7.33,7.42,8,9.33,10,7.75,78.33,0.13
7.17,6.08,6.17,7.25,7.33,7.33,10,10,10,7,78.33,0.11
7.5,7.5,7.33,7.58,7.5,7.42,8.67,8.67,8.67,7.42,78.25,0.11
7.42,7.33,7.33,7.5,7.67,7.75,8,8.67,9.33,7.25,78.25,0.11
6.92,6.83,6.92,6.92,6.92,6.83,10,10,10,6.83,78.17,0.13
7.08,6.83,6.67,7.25,7.25,6.92,10,9.33,10,6.75,78.08,0.11
7.5,7.08,7.33,7.17,7.5,7.5,6.67,10,10,7.25,78,0
6.83,7,6.67,7,7,6.83,10,10,10,6.67,78,0.11
7.58,7.33,7.5,7.42,7.5,7.33,8,8.67,9.33,7.33,78,0.12
7.42,7.25,6.83,7.33,7,6.92,9.33,9.33,9.33,7.25,78,0.1
7.33,7.17,6.92,7.08,7.33,7,9.33,9.33,9.33,7.17,78,0.1
7,6.83,6.83,7.17,6.67,6.83,10,10,10,6.67,78,0.11
7.25,7.33,7,7,7.25,7.08,10,10,8,7.08,78,0.12
7.42,7.17,7,7.17,7.67,7.17,8.67,9.33,9.33,7.08,78,0.1
7.5,7.25,7.42,7,7.08,6.83,8.67,9.33,10,6.83,77.92,0.12
7.42,7.25,7,7,7.25,7.08,8,10,10,6.92,77.92,0.11
7.17,6.17,6.17,7.08,7.33,6.83,10,10,10,7.17,77.92,0.11
7.42,7,7,7.17,7.08,7,9.33,8.67,10,7.17,77.83,0.1
7,6.75,6.67,6.83,7.08,6.83,10,10,10,6.67,77.83,0.11
7,6.83,6.67,7.17,6.83,6.83,10,10,10,6.5,77.83,0.11
7.17,6.75,6.58,7.33,7.33,7.17,9.33,9.33,10,6.67,77.67,0.11
7.58,7.67,7.58,7.67,7.42,7.42,9.33,9.33,6,7.58,77.58,0.12
7.17,6.75,6.58,6.75,6.83,6.75,10,10,10,6.67,77.5,0.13
7.08,6.92,6.33,7,6.92,7,10,10,10,6.17,77.42,0.11
7.5,7.33,7.42,7.58,7.58,6.92,8,8,10,7,77.33,0
7.33,7,6.83,7.17,7.17,7.17,9.33,9.33,9.33,6.67,77.33,0.1
7.33,7,6.67,7,6.92,6.92,9.33,9.33,10,6.83,77.33,0.15
6.83,6.83,6.83,6.75,6.92,6.92,9.33,10,10,6.83,77.25,0.1
7.08,6.92,6.83,6.67,7.58,7.42,8.67,9.33,10,6.75,77.25,0.12
7.08,7,7,7.25,7.33,7.25,8.67,8.67,10,6.92,77.17,0.12
7.42,7.75,7.42,7.67,7.92,7.83,8.67,5.33,9.33,7.67,77,0
7.67,7.33,7.17,6.67,7.17,7.42,9.33,10,6.67,7.42,76.83,0
6.67,6.33,6.42,6.83,7,6.92,10,10,10,6.58,76.75,0
6.42,6.5,6.5,7.33,6.33,6.92,10,10,10,6.5,76.5,0.12
7.17,6.58,6.58,7,7.25,6.58,9.33,9.33,10,6.58,76.42,0.13
7.5,7,6.83,7.5,7.17,7.33,8.67,8.67,8.67,7,76.33,0.11
6.17,6.5,6.5,7.17,7,6.83,10,10,10,6.17,76.33,0.11
7.25,7.08,6.83,7.17,7.33,6.83,8.67,8.67,9.33,7.08,76.25,0
7.5,7.33,7.33,7.58,7.67,7.25,8,8,8,7.5,76.17,0
7.42,7,6.83,7.08,6.92,6.83,7.33,10,10,6.75,76.17,0.16
7.33,7,6.5,6.08,7.58,6.33,9.33,10,9.33,6.67,76.17,0.12
7.08,6.83,6.83,7.17,7.17,7.08,10,7.33,10,6.58,76.08,0.12
6.83,6.83,6.67,6.83,7,6.83,9.33,8.67,10,7,76,0.11
6.83,6.5,6.5,6.92,6.75,7,9.33,10,9.33,6.67,75.83,0.12
7.17,7,6.83,7.5,7.17,7,8,8,10,7,75.67,0.11
7.92,7.58,7.17,7.58,7.33,7.17,8,8,8,6.83,75.58,0.11
6.67,6.5,6.33,7,7.17,6.75,8.67,10,10,6.5,75.58,0.12
7.5,7.25,6.92,7,7.17,6.83,8,8,10,6.83,75.5,0.11
7.17,6.92,6.67,6.83,7.25,7.75,10,6,10,6.58,75.17,0.11
7.25,6.83,6.67,7.08,7.17,6.83,10,6.67,10,6.67,75.17,0.12
7.17,7.17,6.83,7.17,7.42,6.67,8.67,7.33,10,6.75,75.17,0.13
7,6.92,6.75,6.92,7.17,6.83,10,6.67,10,6.75,75,0.14
7.08,6.75,6.58,7,7,6.75,8.67,8.67,10,6.42,74.92,0.17
7.33,6.75,6.67,7.25,7.5,7,10,5.33,10,7,74.83,0.12
6.75,6.5,6.17,7,7.25,6.75,8,10,10,6.33,74.75,0.11
6.75,6.67,6.17,7.17,7,6.58,8,10,10,6.42,74.75,0.11
7.08,7,6.83,7.5,7.33,6.83,8,7.33,10,6.75,74.67,0.12
7.5,7.25,7,7.25,7.42,7.33,8,8.67,6.67,7.33,74.42,0
6.5,6.33,6.5,7.5,7.33,6.83,8.67,10,8.67,6,74.33,0.11
7,6.58,6.67,6.83,7.08,6.83,10,6.67,10,6.67,74.33,0.14
6.92,6.42,6.17,7.33,7.25,6.75,10,6.67,10,6.5,74,0.13
7.67,7,7.17,7.58,7.33,7.33,10,2.67,10,7.08,73.83,0.12
7.17,7.17,7.17,7.58,7.67,6.92,9.33,6.67,6.67,7.33,73.67,0
7.25,6.58,6.58,7,7,6.42,8,8,10,6.67,73.5,0.11
7,7.17,6.83,7.17,7,7.17,8,8,8,7.08,73.42,0.11
7.08,7.08,6.92,7.08,6.92,6.92,8,8,8,6.92,72.92,0
8,7.33,7.75,7.33,7.42,7.67,6.67,6.67,6.67,7.33,72.83,0
6.92,6.92,6.92,7.5,7.58,7.17,6.67,6.67,9.33,6.92,72.58,0.11
6.92,6.75,7.08,7.17,7.33,6.67,10,5.33,8.67,6.42,72.33,0.08
6.33,6.5,6.33,6.83,6.33,6.5,10,6.67,10,6.25,71.75,0.11
6.92,6.92,6.92,6.92,7.17,7,10,2.67,10,6.58,71.08,0.12
6.5,6.67,6.42,7.17,7.33,6.5,8,6,10,6.42,71,0.11
6.92,7,6.83,6.92,7.42,6.92,6,6,10,6.75,70.75,0.12
7,7,6.83,7,7.33,6.83,6,6,10,6.67,70.67,0.11
6.67,6.5,6.17,6.67,6.83,6.17,8,8,8,6.33,69.33,0.1
7,6.17,6.17,6.67,6.5,6.17,8,8,8,6.5,69.17,0.1
7,6.33,6.17,6.5,6.67,6.17,8,8,8,6.33,69.17,0.1
7.08,6.83,6.25,7.42,7.25,6.75,10,0,10,6.75,68.33,0.11
6.75,6.58,6.42,6.67,7.08,6.67,9.33,6,6,6.42,67.92,0.14
7.25,6.58,6.33,6.25,6.42,6.08,6,6,6,6.17,63.08,0.13
7.5,6.67,6.67,7.67,7.33,6.67,8,1.33,1.33,6.67,59.83,0.1
7.83,8.08,7.75,7.92,8.25,7.92,10,10,8,8,83.75,0.12
8,7.75,7.92,8,7.92,7.92,10,10,8,8,83.5,0
7.92,7.83,7.92,8,7.83,7.92,10,10,7.83,8,83.25,0
8,7.92,7.92,7.75,7.83,7.75,10,10,7.75,8.08,83,0.12
8.33,7.83,7.83,7.75,8.25,7.75,10,10,7.58,7.67,83,0.12
8,7.92,7.67,8,7.75,7.92,10,10,7.75,7.75,82.75,0
7.67,7.75,7.83,7.83,7.92,7.75,10,10,8,7.83,82.58,0
7.67,7.75,7.83,7.67,7.92,7.83,10,10,7.92,7.92,82.5,0.1
7.67,7.75,7.58,7.83,7.83,8,10,10,7.92,7.92,82.5,0.09
7.67,7.83,7.83,7.83,7.92,7.75,10,10,7.75,7.83,82.42,0.12
7.58,7.92,7.75,7.83,7.5,7.67,10,10,7.67,7.83,81.75,0.12
7.67,7.83,7.75,7.5,7.75,7.58,10,10,7.75,7.75,81.58,0.11
7.58,7.58,7.67,7.58,7.67,7.67,10,10,7.5,8.33,81.58,0
8,7.75,7.75,7.58,7.67,7.5,10,10,7.58,7.67,81.5,0.11
8,7.67,7.75,7.5,7.67,7.58,10,10,7.58,7.75,81.5,0.12
7.75,7.75,7.67,7.67,7.58,7.58,10,10,7.58,7.83,81.42,0
7.5,7.5,7.25,7.83,7.67,7.83,10,10,7.83,7.83,81.25,0.13
7.33,7.58,7.5,7.75,7.75,7.67,10,10,7.75,7.58,80.92,0.12
7.83,7.58,7.33,7.67,7.5,7.5,10,10,7.75,7.42,80.58,0.12
7.75,7.42,7.33,7.58,7.67,7.58,10,10,7.67,7.5,80.5,0.12
7.67,7.67,7.5,7.33,7.58,7.5,10,10,7.42,7.5,80.17,0
7.58,7.42,7.42,7.83,7.42,7.5,10,10,7.42,7.58,80.17,0
7.92,7.5,7.42,7.42,7.42,7.42,9.33,10,7.58,7.33,79.33,0
7.75,7.58,7.33,7.58,5.08,7.83,10,10,7.75,7.83,78.75,0
7.5,7.67,7.75,7.75,5.17,5.25,10,10,8.42,8.58,78.08,0
7.33,7.33,7.17,7.42,7.5,7.17,9.33,9.33,7.42,7.17,77.17,0
7.42,6.83,6.75,7.17,7.25,7,9.33,9.33,7.08,6.92,75.08,0.1
6.75,6.67,6.5,6.83,6.92,6.83,9.33,9.33,6.67,7.92,73.75,0.12